,原保险保费收入,原保险保费收入_财产险,原保险保费收入_人身险,原保险保费收入_人身险_寿险,原保险保费收入_人身险_健康险,原保险保费收入_人身险_人身意外伤害险,原保险赔付支出,原保险赔付支出_财产险,原保险赔付支出_人身险,原保险赔付支出_人身险_寿险,原保险赔付支出_人身险_健康险,原保险赔付支出_人身险_人身意外伤害险,业务及管理费,银行存款,投资,资产总额,date
0,11476413.2,2973274.4,8503138.8,7834667.9,488045.6,180425.3,2837258.6,1251807.8,1585450.8,1344880.2,183986.7,56583.9,837728.0,81948010.7,223636240.8,338154395.5,2009-01-01
1,9755257.400000002,1676080.3000000003,8079177.1,7608362.9,327719.70000000007,143094.40000000002,2448630.1,1019682.3,1428947.9000000001,1232891.0000000002,154830.2,41226.700000000004,840329.0,6898197.099999994,-3008504.800000012,3937110.0,2009-02-01
2,11535355.0,2536465.2,8998889.799999999,8146915.099999998,588193.3,263781.39999999997,2949911.5,1242982.1,1706929.3999999994,1451432.0999999996,202031.19999999995,53466.100000000006,938966.3999999999,11200893.5,1157233.599999994,12255792.5,2009-03-01
3,8637567.699999996,2641230.299999999,5996337.400000002,5382843.5,423169.19999999995,190324.80000000005,2537911.2,1276252.0,1261659.1000000006,1054955.9000000004,155406.0,51297.29999999999,907484.3999999999,3896027.400000006,-1526634.599999994,1107789.199999988,2009-04-01
4,8100320.6000000015,2262270.4000000004,5838050.1000000015,5238381.0,425494.49999999977,174174.69999999995,2308018.0999999996,1122376.7000000002,1185641.2999999998,987780.0,151685.40000000002,46175.79999999999,879786.4000000004,1350829.5,4478660.099999994,6500929.199999988,2009-05-01
5,10356174.600000001,3028682.3000000007,7327492.5,6390447.0,691677.2000000002,245368.20000000007,2999000.4000000004,1232026.5,1766974.0999999996,1502944.7000000002,209940.19999999995,54089.20000000001,1022607.3999999994,-842457.1000000089,8060186.400000006,8763082.100000024,2009-06-01
6,8002691.099999994,2471630.700000001,5531060.1999999955,4966188.700000003,397731.7000000002,167139.80000000005,2552743.700000001,1388944.7999999989,1163798.8000000007,906345.2999999989,200054.40000000014,57399.09999999998,1056385.0,-1522541.099999994,12042977.199999988,13196232.800000012,2009-07-01
7,8082727.0,2236757.6999999993,5845969.3999999985,5290553.1000000015,387975.8999999999,167440.3999999999,2255029.6999999993,1246183.2000000011,1008846.5,785845.3000000007,169868.19999999995,53133.0,867221.4000000004,-4405576.299999997,-10644393.099999994,-15848017.5,2009-08-01
8,9856495.200000003,2512989.6999999993,7343505.5,6375110.3999999985,645409.1999999997,322986.0,2535781.8000000007,1387695.2999999989,1148086.5,889876.4000000004,194425.19999999995,63784.90000000002,1128924.0,2057015.0,8119692.700000018,10732223.5,2009-09-01
9,7806390.299999997,1978583.0,5827807.299999997,5269235.8999999985,391099.4000000004,167471.8999999999,1997085.8999999985,1031838.2000000011,965247.6999999993,774147.0,149094.30000000005,42006.40000000002,963202.5,-2050017.700000003,8480767.799999982,3888980.0999999642,2009-10-01
10,8558176.900000006,2083827.0,6474350.900000006,5886405.5,444103.7999999998,143841.2000000002,2622889.0,1356035.0999999996,1266853.9000000004,1030526.0999999996,183170.19999999995,53158.09999999998,1104578.5,-1670998.0,7994198.900000006,7941142.600000024,2009-11-01
11,9205420.0,2356544.0,6848875.0,6185273.0,529155.9000000004,134445.8999999999,3210567.0,2202021.0,1008546.0,725801.0,215844.6000000001,66899.80000000005,1793374.0,8337449.0,10183899.0,15717883.0,2009-12-01
12,16429787.0,4394967.8,12034820.0,11104358.0,673368.4,257093.1,2452905.6,1274969.6,1177936.1,880518.0,231184.4,66233.6,951063.3,106580237.0,264280256.0,404986058.0,2010-01-01
13,13450798.0,2122922.0,11327875.0,10771818.0,421647.9999999999,134409.6,2142799.1999999997,1080390.1,1062409.0,854008.1000000001,159643.4,48757.7,1045255.8999999999,1946099.0,7011911.0,9080716.0,2010-02-01
14,15533039.0,3427122.500000001,12105917.0,11041947.0,750496.1000000001,313473.49999999994,2725864.7,1283820.5999999996,1442044.1,1163251.6999999997,224797.2,53995.09999999999,1198799.5999999999,7421110.0,8140551.0,15227510.0,2010-03-01
15,11137943.0,3458360.6999999993,7679581.0,6915729.0,515184.7000000002,248667.90000000002,2417538.9000000004,1300986.6000000006,1116552.2999999998,866568.7000000002,196379.69999999995,53604.0,1143125.2999999998,-1344813.0,2989139.0,2346525.0,2010-04-01
16,10819045.0,3092202.0,7726844.0,6995415.0,502281.2999999998,229147.29999999993,2354188.5999999996,1287422.5,1066766.2999999998,827942.5999999996,187284.0,51539.600000000006,1106929.0,41185.0,8061758.0,7903666.0,2010-05-01
17,12614928.599999994,3682910.1999999993,8932018.299999997,7876209.0,779245.5,276564.0,2637049.9000000004,1365325.0,1271724.7000000002,996892.1000000006,220095.5,54737.20000000001,1317605.1000000006,12359448.099999994,-938951.8999999762,12804634.5,2010-06-01
18,10405511.600000009,3198771.4000000022,7206740.3000000045,6559527.8999999985,444825.2000000002,202387.2000000002,2446341.9000000004,1375537.5999999996,1070804.2999999998,791698.5999999996,219231.40000000014,59874.20000000001,1157410.8999999994,-3622275.199999988,8676574.699999988,4219387.399999976,2010-07-01
19,10600274.399999991,2918433.6999999993,7681840.6000000015,7010937.1000000015,463801.2999999998,207102.09999999986,2586334.5,1480820.6999999993,1105513.7999999998,826622.2999999998,216521.09999999986,62370.399999999965,1153402.4000000004,5053424.099999994,5321966.0,18746307.900000036,2010-08-01
20,12251642.400000006,3253228.5,8998414.099999994,7974337.400000006,704194.0,319882.69999999995,2858248.5,1551195.3000000007,1307053.2000000011,1015787.8000000007,225325.19999999995,65940.20000000001,1378904.4000000004,2268433.599999994,8987860.199999988,4639025.899999976,2010-09-01
21,10587866.0,2713932.1999999993,7873933.799999997,7187108.799999997,490898.0999999996,195926.80000000028,2294579.0,1236341.4000000004,1058237.5999999996,842166.0999999996,170103.7000000002,45967.80000000005,1307410.1999999993,-92647.59999999404,10114569.600000024,9448471.699999988,2010-10-01
22,10572695.099999994,3014285.200000003,7558409.800000012,6874625.5,492590.10000000056,191194.2999999998,3210252.1999999993,1796909.4000000004,1413342.7999999989,1085986.3000000007,262193.3999999999,65163.09999999998,1406513.3000000007,-2069812.599999994,2270602.2999999523,214327.70000004768,2010-11-01
23,10876184.5,3679288.5,7196895.899999991,6483080.700000003,536125.7999999998,177689.3999999999,3878188.6000000015,2526554.6999999993,1351633.9000000004,938449.6999999993,327460.8999999999,85723.29999999993,2217095.299999999,10559325.900000006,-3549723.0,15199456.399999976,2010-12-01
24,17168860.4,4768873.6,12399986.7,11426841.5,684517.3,288628.0,3555282.1,1694342.5,1860939.6,1491541.8,301004.2,68393.7,1302145.3,136090260.9,334277848.5,508106202.4,2011-01-01
25,13657971.400000002,2353116.9000000004,11304854.600000001,10691543.100000001,433266.0,180045.40000000002,2523579.1999999997,877920.0,1645659.1999999997,1360097.7,237009.49999999994,48552.0,1108486.8,9901014.099999994,2436552.0,12665398.300000012,2011-02-01
26,15344748.2,4207343.199999999,11137405.099999998,9986006.599999998,750892.3999999999,400506.0,3725125.8999999994,1721634.0,2003492.0,1520266.0,417310.4,65915.50000000001,1443853.2999999998,16579861.599999994,2278446.399999976,19868921.900000036,2011-03-01
27,10908497.899999999,4060932.700000001,6847565.1000000015,6061765.699999999,501707.19999999995,284092.29999999993,3116270.5,1564216.0,1552054.4000000004,1109234.9000000004,383350.5000000001,59469.0,1344206.6999999997,-9890721.5,3264356.2000000477,-7047406.100000024,2011-04-01
28,10596284.899999999,3726431.499999998,6869853.3999999985,6068110.5,523613.3999999999,278129.5,3213734.1000000015,1720990.2999999998,1492743.7999999998,1042326.0999999996,388305.5,62112.20000000001,1446596.3000000007,2402495.5,-520794.2000000477,2847835.300000012,2011-05-01
29,12889689.799999997,4478888.700000003,8410801.100000001,7296151.5,784869.1000000001,329780.6000000001,3455623.3999999985,1789059.7999999998,1666563.5999999996,1171363.0999999996,431801.5,63398.899999999965,1575935.2999999998,21493569.900000006,2189669.7000000477,38257666.19999999,2011-06-01
30,9985763.100000009,3669471.0999999978,6316292.0,5617554.8000000045,457857.3000000003,240879.80000000005,2960079.5,1707286.3000000007,1252793.2000000011,846203.5,337940.1999999997,68649.60000000003,1462700.2000000002,-16757584.0,13345544.199999988,-13962393.200000048,2011-07-01
31,10152993.299999997,3555016.5,6597976.900000006,5869013.099999994,473784.7999999998,255178.8999999999,3125792.6999999993,1896942.4000000004,1228850.2999999989,915231.0999999996,240392.90000000037,73226.39999999997,1465839.0,1928110.599999994,1191400.699999988,3647076.3000000715,2011-08-01
32,11835256.099999994,3930141.8000000007,7905114.199999988,6799550.600000009,722764.7999999998,382798.8999999999,3057679.5,1920200.7999999989,1137478.7000000011,861397.7000000011,202906.09999999963,73174.89999999997,1734389.5,10085999.599999994,-4186423.300000012,8186586.299999952,2011-09-01
33,9697102.700000003,3206822.299999997,6490280.400000006,5729252.0,510729.2000000002,250299.30000000028,2698844.9000000022,1677477.5,1021367.3999999985,791409.1999999993,172252.0,57706.10000000009,1494760.0,-3550997.899999976,14205040.800000012,9531388.300000072,2011-10-01
34,10338883.100000009,3736251.5,6602631.5,5854019.199999988,510093.0,238519.19999999972,3707313.4999999963,2428197.700000001,1279115.8000000007,967438.9000000004,233530.80000000028,78146.09999999998,1698244.2999999989,-1576736.300000012,3876948.699999988,2520367.5999999046,2011-11-01
35,10816461.299999982,4484941.8000000045,6331519.599999994,5556105.100000009,563118.2999999998,212296.30000000028,4154407.1000000015,2871070.8000000007,1283336.3000000007,932838.9000000004,250846.6000000001,99650.90000000002,2746642.8000000007,10666437.800000012,5008156.900000036,16759389.100000024,2011-12-01
36,18917623.7,4946729.2,13970894.5,12864408.3,809343.2,297143.0,3453928.9,1714885.6,1739043.3,1454020.1,217777.9,67245.3,1542547.1,171392236.3,382269137.3,603163752.4,2012-01-01
37,13871000.400000002,3236273.8,10634726.600000001,9797732.3,577665.6000000001,259328.80000000005,3571952.0000000005,1685599.6,1886352.4000000001,1583802.1999999997,237248.69999999998,65301.59999999999,1417164.6,14330406.399999976,2593364.399999976,16185767.100000024,2012-02-01
38,15559516.699999996,4821971.800000001,10737544.899999999,9366271.099999998,902043.9000000001,469229.79999999993,4693827.5,2325619.0,2368208.5,2001589.5,274677.9,91941.0,1712948.5999999996,21262180.800000012,-3023278.199999988,17436650.5,2012-03-01
39,10872542.600000001,4448867.5,6423675.1000000015,5526407.199999999,585511.3999999999,311756.6,3513802.4000000004,1977299.0999999996,1536503.2999999998,1252861.4000000004,218161.69999999995,65480.19999999998,1624121.2999999998,-13486122.699999988,8005095.800000012,-4015890.2999999523,2012-04-01
40,11562306.500000007,4447810.5,7114496.0,6065948.5,730928.2999999998,317619.1000000001,3680312.5,2287823.1000000006,1392489.4000000004,1067745.2000000002,249901.80000000005,74842.30000000005,1572180.7000000002,5462629.299999982,5343512.899999976,10906710.399999976,2012-05-01
41,14541650.399999991,5093209.0,9448441.5,8027639.5,1056539.3000000003,364262.69999999995,3714064.3999999985,2208505.299999999,1505559.0,1207791.5999999996,225402.69999999995,72364.79999999999,1849992.2999999998,26816715.0,-2925774.399999976,33925318.79999995,2012-06-01
42,10541112.600000009,4240190.0,6300922.3999999985,5486551.3999999985,537682.2000000002,276688.7999999998,3596582.6000000015,2318388.6000000015,1278194.0999999996,923012.9000000004,272970.40000000014,82210.79999999999,1627753.0999999996,-20668377.799999982,12400851.599999964,-16732057.399999976,2012-07-01
43,11406633.799999997,4120912.9000000022,7285721.099999994,6400818.6000000015,594450.0,290452.5,3810741.3000000007,2470681.3000000007,1340060.0,991092.2999999989,260687.19999999995,88280.59999999998,1712267.9000000004,1872125.5,722011.2000000477,3133273.2999999523,2012-08-01
44,13487622.799999997,4561938.8999999985,8925683.900000006,7557690.500000007,908354.0999999996,459639.3000000003,3892464.799999997,2512864.3999999985,1379600.4000000004,1058537.3000000007,232367.09999999986,88695.90000000002,2020210.9000000004,12810792.699999988,12662753.699999988,25991075.900000095,2012-09-01
45,10382851.700000003,3759169.5,6623682.099999994,5714202.099999994,623322.7000000002,286157.3999999999,3373592.8999999985,2177695.8999999985,1195897.0999999996,924498.4000000004,204030.3999999999,67368.30000000005,1791813.6000000015,-10406681.199999988,4207119.699999988,-6627095.100000024,2012-10-01
46,11302562.700000003,4372910.8999999985,6929651.800000012,6035672.900000006,619902.7999999998,274076.0,4851157.400000006,2989472.4000000022,1861684.8999999985,1508687.7999999989,261026.1000000001,91971.0,2004535.5999999978,3105201.099999994,5266803.5,8796044.699999928,2012-11-01
47,12433874.199999988,5259289.5,7174584.699999988,6237227.399999991,681863.5999999996,255493.7000000002,5010757.8999999985,3494482.0999999978,1516275.8000000007,1076505.2000000011,327455.6000000001,112315.09999999998,2839088.0,21968934.900000006,23444178.699999988,43293753.600000024,2012-12-01
48,20118667.0,6115067.7,14003599.2,12546140.9,1056794.0,400664.4,5009201.5,2805036.3,2204165.3,1751672.3,357741.6,94751.4,1854213.1,218648385.1,460888293.2,736149331.1,2013-01-01
49,13822570.299999997,3394375.499999999,10428194.900000002,9441461.700000001,758952.5,227780.59999999998,4468728.1,1944189.2000000002,2524538.8,2238238.8,218737.30000000005,67562.70000000001,1655068.9,-1494864.599999994,4550883.699999988,4359797.600000024,2013-02-01
50,17564661.800000004,5618523.0,11946138.799999997,10253785.599999998,1132672.2999999998,559681.0,5401262.6,2547832.7,2853429.9000000004,2447233.3000000003,316267.6,89929.0,1946738.0,22768436.400000006,3314939.4000000358,26355512.099999905,2013-03-01
51,13161470.899999999,5303144.400000002,7858326.5,6694350.599999998,764610.3000000003,399365.5,5054225.400000002,2537695.3999999994,2516530.0,2119275.6999999993,313847.80000000005,83406.49999999997,1889137.0,-19134508.800000012,8215542.199999988,-10503065.299999952,2013-04-01
52,12771479.700000003,4999015.299999997,7772464.3000000045,6552970.6000000015,832906.8999999999,386586.80000000005,4868026.8999999985,2663960.5999999996,2204066.3000000007,1798779.0,322458.80000000005,82828.5,1903553.4000000004,-1084946.7999999821,12313449.899999976,11335172.0,2013-05-01
53,17685149.39999999,5836522.6000000015,11848626.899999999,10077072.0,1318803.0,452751.90000000014,4824153.0,2443921.0,2380232.0,2021478.7000000011,283862.7999999998,74890.5,2058353.4000000004,14347655.799999982,4959389.300000012,20700153.299999952,2013-06-01
54,11971349.200000003,4817723.5,7153625.6999999955,6013719.200000003,792969.2999999998,346937.1999999997,5058761.1000000015,2834104.9000000022,2224656.1999999993,1773350.0,356874.8000000003,94431.40000000002,1956102.5,-11016660.0,4234870.0,-5802628.0,2013-07-01
55,12331631.700000003,4778824.700000003,7552806.900000006,6431721.999999993,766832.7999999998,354252.2000000002,5113334.5,2839310.0999999978,2274024.5,1860693.1999999993,316148.7999999998,97182.40000000002,1891689.5,-1611469.599999994,7165414.699999988,7994969.8000000715,2013-08-01
56,14899115.300000012,5349335.599999994,9549779.799999997,7882811.400000006,1150871.9000000004,516096.3999999999,5289990.5,2904496.6999999993,2385493.6999999993,1950832.1000000015,340297.0,94364.69999999995,2116410.3999999985,7364232.300000012,7159654.900000036,14711004.699999928,2013-09-01
57,11990154.5,4509256.5,7480898.0,6294120.799999997,832747.5,354029.7999999998,4674199.1999999955,2761165.5,1913033.6999999993,1502207.1999999993,330109.3999999999,80717.20000000007,1924156.1999999993,-10951333.600000024,6177289.099999964,-6671330.1999999285,2013-10-01
58,12547565.899999976,5127749.3000000045,7419816.599999994,6283304.799999997,808570.4000000004,327941.2999999998,5695445.6000000015,3680472.8000000007,2014972.9000000022,1506738.8999999985,406140.2000000002,102093.59999999998,2218115.6000000015,283407.5,9733031.300000012,10407697.899999976,2013-11-01
59,13358559.5,6273039.6999999955,7085519.800000012,5779954.600000009,1018229.5999999996,287335.7000000002,6671701.8999999985,4429193.900000002,2242507.8999999985,1560830.1999999993,548785.0,132892.79999999993,3182326.3999999985,8291438.600000024,13611533.900000036,19832841.0,2013-12-01
60,33673843.8,7401734.0,26272109.8,23858604.1,1916172.8,497332.9,7042095.0,3568792.6,3473302.3,2791568.6,560300.1,121433.6,2149409.7,219879293.4,552780276.1,838653761.9,2014-01-01
61,16748731.200000003,3781602.0,12967129.2,11437703.899999999,1232435.0999999999,296990.19999999995,5044055.1,1842253.6,3201801.6000000006,2807077.4,317454.80000000005,77269.4,1770829.7999999998,4392048.0,6658414.799999952,11792584.0,2014-02-01
62,19575232.900000006,6386739.8999999985,13188493.0,10777654.899999999,1769191.6999999997,641646.4,6506473.9,2930415.3999999994,3576058.5,3029152.0,454493.9,92412.59999999998,2207283.9000000004,26040501.299999982,12532772.899999976,44141044.0,2014-03-01
63,13615892.0,6120348.700000003,7495543.299999997,5922053.6000000015,1087115.5,486374.30000000005,5645516.199999999,2925156.0999999996,2720360.0,2167092.0999999996,436299.8999999999,116968.10000000003,2098960.8,-19297958.599999994,12913544.300000072,-4487906.799999952,2014-04-01
64,14043033.799999997,5826561.299999997,8216472.600000009,6559301.1000000015,1213119.3000000007,444051.99999999977,5350554.1000000015,2897141.6000000015,2453412.5999999996,1957624.5,404081.59999999986,91706.29999999999,2076973.499999999,2282700.200000018,10890259.899999976,14282413.5,2014-05-01
65,17230416.299999997,6711602.8999999985,10518813.299999997,8317267.299999997,1711190.7999999989,490355.4000000004,5727489.599999998,2967959.0,2759530.5,2262701.200000001,403867.9000000004,92961.5,2380802.9000000004,22888019.399999976,7106507.5,32989604.69999993,2014-06-01
66,13427686.200000003,5749055.700000003,7678630.5,6150139.3999999985,1121089.1000000015,407402.0,5574494.0,3149065.5,2425428.6000000015,1838490.5,475327.7999999998,111610.30000000005,2072123.0999999996,-17156472.099999994,10254698.600000024,-4862014.099999905,2014-07-01
67,14283219.299999997,5436484.799999997,8846734.399999991,7364361.400000006,1076844.0,405528.8999999999,5500133.8000000045,2975932.3000000007,2524201.5,1963338.0,448775.2000000002,112088.29999999993,2161445.9000000022,1185632.900000006,4773117.399999976,15741009.799999952,2014-08-01
68,16743691.400000006,6004515.1000000015,10739176.5,8645241.599999994,1476477.5999999996,617457.3000000003,5986429.299999997,3159816.5999999978,2826612.6999999993,2234528.6999999993,477674.6999999997,114409.20000000007,2471682.3999999985,10736563.199999988,7905766.600000024,12507377.200000048,2014-09-01
69,13673239.900000006,5275056.8000000045,8398183.0,6922819.200000003,1061961.6999999993,413402.0999999996,5446438.3999999985,2955483.4000000022,2490955.0,1956338.1999999993,442015.1999999997,92601.79999999993,2175571.3000000007,-4523536.599999994,7866512.799999952,4012953.1999999285,2014-10-01
70,14132581.099999994,5827183.1999999955,8305397.900000006,6842799.599999994,1094148.2000000011,368450.0999999996,6412586.8000000045,3617834.0,2794752.8000000007,2154481.9000000022,532005.5,108265.29999999993,2426569.3000000007,2640465.400000006,12038741.100000024,18418153.600000024,2014-11-01
71,15200537.900000006,7512876.6999999955,7687661.200000003,6218953.700000003,1112039.8999999985,356667.60000000056,7925858.399999991,4892274.6000000015,3033583.799999997,2121874.0999999978,759255.3000000007,152454.40000000014,3966271.3999999985,3267136.800000012,24253505.799999952,32725732.0,2014-12-01
72,40055628.5,8423604.7,31632023.7,28538605.8,2499828.9,593589.1,7943527.9,3375350.1,4568177.8,3794976.5,654519.6,118681.7,2271753.5,250874861.9,692277747.6,1038122680.0,2015-01-01
154,20065277.0,6038074.566666666,14027202.433333334,11635740.599999998,1866662.766666667,524799.0666666665,7240141.833333334,2995601.8666666667,4244539.966666666,3602920.0,533467.6,108152.36666666665,2379058.633333333,1158524.5,19125643.066666603,21517928.0,2015-02-01
153,20065277.0,6038074.566666666,14027202.43333333,11635740.600000001,1866662.7666666666,524799.0666666664,7240141.833333332,2995601.866666667,4244539.966666665,3602920.0,533467.5999999999,108152.36666666664,2379058.633333334,1158524.5,19125643.066666722,21517928.0,2015-03-01
73,20065277.0,6038074.566666666,14027202.433333337,11635740.600000001,1866662.7666666666,524799.0666666669,7240141.833333332,2995601.8666666653,4244539.966666669,3602920.0,533467.6000000001,108152.3666666667,2379058.633333334,1158524.5,19125643.066666603,21517928.0,2015-04-01
74,16412603.799999997,6360596.1000000015,10052007.799999997,7571718.1999999955,1966589.2999999998,513700.2000000002,6100892.5,3102166.0,2998726.5,2373701.8999999985,514708.3999999999,110316.29999999999,2477493.0,528074.1999999881,26014537.5,28324957.0,2015-05-01
75,20361230.89999999,7280197.200000003,13081033.700000003,10082098.100000009,2392376.6999999993,606559.0,6276311.3999999985,2878991.6000000015,3397319.8000000007,2744202.9000000022,536957.3000000003,116159.5,3038270.9000000004,13030255.700000018,-6733093.599999905,11967730.0,2015-06-01
76,16812291.700000018,6340686.1999999955,10471605.5,8284641.599999994,1681603.5,505360.3999999999,6830543.900000006,3563461.8000000007,3267082.1999999993,2467745.3000000007,643853.5,155483.40000000002,2544803.1999999993,-13626906.800000012,-5909427.400000095,-20028077.0,2015-07-01
77,16629054.099999994,5899434.200000003,10729619.900000006,8399421.0,1858192.4000000004,472006.3999999999,6701086.599999994,3417291.6999999993,3283794.6999999993,2551143.0999999978,598468.1999999997,134183.5,2614252.3999999985,-4274550.599999994,6044674.200000048,4295294.0,2015-08-01
78,19938559.400000006,6690706.1999999955,13247853.099999994,10167135.900000006,2368536.200000001,712181.1000000006,7032639.3000000045,3597849.6999999993,3434789.6000000015,2687398.8000000007,613987.2000000002,133403.5,2952056.9000000022,4239220.699999988,16028988.799999952,30559614.0,2015-09-01
79,16666044.5,5947122.0,10718922.5,8319833.799999997,1905378.3999999985,493710.19999999925,6690297.1000000015,3225488.6999999993,3464808.5,2723463.0,629886.7000000002,111458.80000000005,2688843.8000000007,-12355566.699999988,33625040.30000007,25617514.0,2015-10-01
80,16895220.400000006,6429910.600000009,10465310.0,8105743.799999997,1923526.9000000022,436039.30000000075,7932025.399999991,4099542.9000000022,3832482.5,2922947.3999999985,776687.0999999996,132848.09999999986,3083802.6999999993,10999247.900000006,13762395.899999976,24528984.0,2015-11-01
81,18858730.299999982,8463206.5,10395523.800000012,8038787.200000003,1908694.5999999978,448042.0999999996,9513647.900000006,5694717.5,3818930.3999999985,2577341.200000003,1060186.1000000006,181403.1000000001,4558762.699999999,-9393464.800000012,41970327.899999976,28035169.0,2015-12-01
82,63767336.4,9259091.1,54508245.3,49544549.5,4269825.9,693869.9,10126328.2,3871774.2,6254553.9,5156649.9,942187.6,155716.5,2830623.2,250411989.6,885453963.5,1262771981.0,2016-01-01
83,26907449.1,4777245.700000001,22130203.400000006,18462939.299999997,3246279.3,420984.9,8861305.900000002,2856808.3,6004497.699999999,5341263.299999999,551393.6,111840.70000000001,2593486.3,-3121532.199999988,21644661.5,29848813.0,2016-02-01
84,29116421.700000003,7507700.8999999985,21608720.799999997,16585341.0,4171294.2,852085.5,9925664.7,4030919.4000000004,5894745.299999999,4939119.6000000015,780761.5999999999,174864.09999999998,2959059.7,17811996.199999988,27226292.600000024,92732626.0,2016-03-01
85,21009998.799999997,7306736.5,13703262.299999997,9290390.600000009,3733711.299999999,679160.4000000001,7861143.999999996,3574908.5,4286235.5,3471693.5999999978,686486.5,128055.39999999997,3131078.1000000006,-42465846.29999998,40183417.399999976,-5342449.0,2016-04-01
86,20400558.199999988,6584304.099999998,13816254.100000009,9525072.299999997,3718505.4000000022,572676.5,7749586.8000000045,3650460.999999998,4099125.9000000022,3265221.8000000007,694057.0,139847.20000000007,2824369.0,-952745.2000000179,14900831.299999952,17679057.0,2016-05-01
87,26926402.300000012,7584581.700000003,19341820.599999994,14201956.599999994,4453708.5,686155.3999999999,8099666.3999999985,3670638.1000000015,4429028.099999998,3568793.1999999993,720704.4000000004,139530.5,3349285.5,14368450.099999994,30831513.700000048,28917521.0,2016-06-01
88,20176521.099999994,6772003.8999999985,13404517.199999988,9003526.0,3845594.5,555396.6999999997,7943028.1000000015,3723732.3000000007,4219295.8999999985,3292282.9000000022,783679.3999999994,143333.5,2819896.0,-18304345.599999994,18394144.0,5986181.0,2016-07-01
89,21284685.599999994,6559185.0,14725500.600000024,10600789.100000009,3543386.0,581325.5,8444707.100000001,3992036.8999999985,4452670.200000003,3392224.5,893830.6000000006,166614.99999999988,3007724.0999999978,7521574.400000006,9974938.0,15670192.0,2016-08-01
90,22093241.800000012,7354978.3999999985,14738263.399999976,10624169.099999994,3321763.799999997,792330.5,8495567.799999997,3844591.6000000015,4650976.1000000015,3678083.8000000007,818807.5999999996,154084.90000000014,3344203.8000000007,4344102.5,4638458.0,14926251.0,2016-09-01
91,18421137.100000024,6477993.299999997,11943143.800000012,9200973.400000006,2173341.3999999985,568829.0,7754670.900000006,3485374.9000000022,4269296.1999999955,3360228.0,762258.9000000004,146809.09999999986,3036528.1000000015,2728565.0,5520730.0,17076228.0,2016-10-01
92,18544959.0,7546723.200000003,10998235.800000012,8527110.199999988,1940549.700000003,530575.9000000004,9238524.299999997,4609980.799999997,4628543.400000006,3409648.8999999985,1073027.8999999994,145866.7000000002,3666420.9999999963,2881735.599999994,17898660.0,15819628.0,2016-11-01
93,20942297.799999952,9514437.600000009,11427860.199999988,8855349.700000018,2007007.8999999985,565502.7000000002,10628705.599999994,5950612.8999999985,4678092.799999997,3154252.299999997,1300327.0999999996,223513.3999999999,5392573.900000006,13218163.200000018,13997009.0,15605621.0,2016-12-01
94,85534033.9,9738127.0,75795906.9,68615893.7,6411138.2,768875.0,12772913.6,4196850.2,8576063.4,7295260.7,1094865.7,185937.0,3398864.7,273117409.7,1114564152.0,1576535542.0,2017-01-01
95,33494104.89999999,5614547.0,27879557.89999999,23063725.39999999,4283967.899999999,531864.7,9643175.200000001,2872329.0,6770846.199999999,5877524.2,774193.0,119129.0,2836662.7,-15020934.899999976,12555838.0,19244845.0,2017-02-01
96,39632098.2,8668590.899999999,30963507.299999997,24634916.200000003,5303095.0,1025496.0000000002,10634043.599999998,4283846.100000001,6350197.500000002,5192535.499999998,970922.3,186739.59999999998,3624190.4000000004,-22046562.800000012,44189741.0,22370808.0,2017-03-01
97,21303066.900000006,7863933.200000003,13439133.700000018,9561676.5,3142029.000000002,735428.1999999997,7906229.5,3559576.799999999,4346652.699999999,3406811.6000000015,791066.0,148775.20000000007,3272213.8999999985,-24029805.800000012,31871910.0,-19207585.0,2017-04-01
98,22954703.699999988,7678951.0,15275752.599999994,11297639.899999991,3259781.0,718331.6000000001,8044647.8000000045,3934091.700000001,4110556.0999999978,3041272.5,871613.7999999998,197669.8999999999,3413685.0,22029339.0,-12895565.0,7316062.0,2017-05-01
99,28483487.900000006,8960229.5,19523258.5,14922288.5,3756877.8999999985,844092.2000000002,8854003.199999996,4098325.8000000007,4755677.3999999985,3608227.8000000007,968198.7999999998,179250.70000000007,3795484.0,-18117137.0,43770278.0,36785119.0,2017-06-01
100,21274059.699999988,7768311.0,13505748.699999988,10118473.600000024,2707472.6999999993,679802.3999999994,7989310.5,4025602.5999999978,3963708.0,2744880.5999999978,1034274.0,184553.29999999993,3226718.5,-20051138.5,12708265.0,-10661831.0,2017-07-01
101,23866214.800000012,7588443.299999997,16277771.5,12440355.299999982,3084893.4000000022,752522.7000000002,8519320.000000007,4275569.400000002,4243750.5,2913038.200000003,1119397.9000000004,211314.5,3163548.0,297092.10000002384,3316182.0,3761018.0,2017-08-01
102,28031403.199999988,8421701.399999999,19609701.800000012,14754201.900000006,3881244.6000000015,974255.4000000004,8909013.5,4423713.8999999985,4485299.6000000015,3053524.799999997,1221582.0999999996,210192.69999999995,3694023.0,4956407.799999982,13501794.0,22099188.0,2017-09-01
103,19314506.800000012,7308527.700000003,12005979.099999994,8747082.199999988,2590382.6999999955,668514.0999999996,7574094.699999988,3774005.5,3800089.200000003,2643289.6000000015,995690.0999999996,161109.6000000001,2984641.9000000022,-10010928.400000006,14798865.0,3741154.0,2017-10-01
104,20088153.399999976,8519367.599999994,11568785.900000006,8285150.0,2634552.5,649083.4000000004,10061711.0,5078804.299999997,4982906.6000000015,3360538.0,1412272.1000000015,210096.3999999999,3648515.6000000015,1897346.2000000179,-1203766.0,2112567.0,2017-11-01
105,21834240.5,10215849.5,11618390.900000006,8114247.100000024,2839168.8999999985,664974.9999999991,10899470.0,6351780.700000003,4547689.3999999985,2612003.3999999985,1693594.3999999985,242091.6000000001,5822095.6999999955,-280362.09999999404,22143714.0,10796848.0,2017-12-01
106,68519191.8,11454663.0,57064528.8,50787454.1,5323376.1,953698.6,13131087.4,4753829.1,8377258.3,6525964.8,1619936.2,231357.3,3179866.7,188340380.7,1313660367.0,1690528099.0,2018-01-01
107,28515180.799999997,6267249.300000001,22247931.60000001,18229582.800000004,3426596.5,591752.2000000001,9425589.200000001,3487974.3000000007,5937614.8,4742045.000000001,1018015.4000000001,177554.5,2971902.3,2489948.300000012,-4561332.0,-2005889.0,2018-02-01
108,43809271.400000006,9807116.599999998,34002154.69999999,25991040.599999994,6865234.5,1145879.7,10126480.599999998,4311087.699999999,5815393.000000002,4415556.8999999985,1199799.5,200036.50000000006,3486135.6999999993,10990146.099999994,15409895.0,33901851.0,2018-03-01
109,25010594.5,8779626.200000003,16230968.300000012,10664073.400000006,4677084.4,889810.5,8250511.500000004,4264536.000000002,3985975.5,2700942.4000000022,1098075.9,186957.19999999995,3476962.1000000015,3263096.400000006,10575962.0,12001848.0,2018-04-01
110,25175953.199999988,8439071.5,16736881.799999982,11678847.5,4195634.699999999,862399.5999999996,9225459.599999994,4821780.099999998,4403679.5,2935723.6999999993,1259841.5,208114.30000000005,3638568.0999999996,-7344294.199999988,22050476.0,15929750.0,2018-05-01
111,32663788.800000012,9670501.199999996,22993287.5,16263373.599999994,5706557.900000002,1023356.0,9718690.400000006,4646583.300000001,5072107.1000000015,3573803.5,1254331.5999999996,243972.0,3859303.5999999996,16464571.5,-2602442.0,14066025.0,2018-06-01
112,23008350.199999988,8302750.900000006,14705599.400000006,10187616.5,3704105.6999999955,813877.2000000002,9351894.5,4950800.1000000015,4401094.3999999985,2789145.1999999993,1382839.4000000004,229109.8999999999,4086614.0,-8787734.400000006,9874500.0,1040158.0,2018-07-01
113,27793445.699999988,8339724.099999994,19453721.5,14523622.199999988,4065753.700000003,864345.7000000002,10416370.399999991,5016884.0,5399486.3999999985,3591750.0,1562294.4000000004,245441.90000000014,3765242.6999999993,10636163.099999994,-9484181.0,88584.0,2018-08-01
114,32122169.700000048,8973332.400000006,23148837.300000012,16581932.5,5405717.700000003,1161187.0999999996,11648107.400000006,5242092.799999997,6406014.6000000015,4617740.200000003,1557557.4000000004,230717.0,3897140.0,12446694.599999994,3964170.0,21985205.0,2018-09-01
115,23701779.399999976,7991979.299999997,15709800.099999994,11092570.600000024,3770086.799999997,847142.5999999996,8842759.0,4480805.0,4361954.0,2731440.299999997,1436672.5999999996,193841.1000000001,3744881.1999999993,-6596835.099999994,-1570822.0,-9506379.0,2018-10-01
116,23875309.399999976,8986725.299999997,14888584.099999994,10640376.099999994,3447824.1000000015,800384.0,10787520.0,5790344.200000003,4997175.799999997,2902473.6000000015,1842819.5999999996,251882.59999999963,4389599.1000000015,10366076.199999988,13451990.0,22650994.0,2018-11-01
117,25971193.800000012,10688083.799999997,15283109.900000006,10588132.5,3893288.5,801688.8000000007,12054278.0,7206487.6000000015,4847790.3999999985,2358631.0,2211177.8000000007,277981.6000000001,6681113.1000000015,11366762.700000018,26480193.0,32408941.0,2018-12-01
118,85000000.0,13050000.0,71950000.0,62720000.0,7980000.0,1250000.0,13900000.0,6110000.0,7780000.0,5240000.0,2230000.0,310000.0,4690000.0,249480000.0,768310000.0,1874780000.0,2019-01-01
119,31380000.0,6120000.0,25260000.0,19890000.0,4650000.0,720000.0,8500000.0,3230000.0,5280000.0,3940000.0,1170000.0,170000.0,3610000.0,2900000.0,9740000.0,10670000.0,2019-02-01
120,46840000.0,10360000.0,36480000.0,26020000.0,9090000.0,1370000.0,10780000.0,4940000.0,5850000.0,3970000.0,1640000.0,240000.0,4380000.0,9510000.0,430000.0,25370000.0,2019-03-01
121,27370000.0,9350000.0,18030000.0,11420000.0,5600000.0,1010000.0,9790000.0,5260000.0,4520000.0,2560000.0,1720000.0,240000.0,4010000.0,-8580000.0,9880000.0,-6370000.0,2019-04-01
122,27950000.0,9170000.0,18770000.0,12470000.0,5330000.0,970000.0,9550000.0,4910000.0,4640000.0,2660000.0,1740000.0,240000.0,4050000.0,2270000.0,3850000.0,2960000.0,2019-05-01
123,36830000.0,10880000.0,25950000.0,17750000.0,7110000.0,1090000.0,9800000.0,4730000.0,5070000.0,3150000.0,1700000.0,230000.0,4620000.0,7770000.0,25130000.0,42850000.0,2019-06-01
124,25490000.0,8800000.0,16700000.0,11090000.0,4680000.0,920000.0,10220000.0,5400000.0,4820000.0,2450000.0,2090000.0,270000.0,4070000.0,-14040000.0,7300000.0,-6340000.0,2019-07-01
125,29420000.0,9130000.0,20280000.0,13920000.0,5470000.0,900000.0,10360000.0,5380000.0,4980000.0,2710000.0,2010000.0,270000.0,3990000.0,2010000.0,10240000.0,27570000.0,2019-08-01
126,34920000.0,9720000.0,25200000.0,17260000.0,6860000.0,1070000.0,11210000.0,5440000.0,5770000.0,3490000.0,2070000.0,210000.0,4500000.0,810000.0,3160000.0,24520000.0,2019-09-01
127,25380000.0,8840000.0,16540000.0,11060000.0,4640000.0,850000.0,9760000.0,5040000.0,4730000.0,2480000.0,2010000.0,220000.0,4180000.0,-7550000.0,7890000.0,2750000.0,2019-10-01
128,25620000.0,9860000.0,15760000.0,10740000.0,4230000.0,790000.0,11110000.0,6070000.0,5030000.0,2460000.0,2310000.0,270000.0,4780000.0,-2940000.0,10430000.0,13120000.0,2019-11-01
129,30250000.0,11210000.0,19030000.0,13200000.0,5020000.0,810000.0,13960000.0,8510000.0,5450000.0,2320000.0,2820000.0,310000.0,8030000.0,10630000.0,-612645968.0,44570000.0,2019-12-01
130,90806800.0,13359300.0,77447500.0,66866000.0,9414900.0,1166500.0,12656300.0,5427700.0,7228600.0,4739000.0,2208000.0,281600.0,4497600.0,262320800.0,901912900.0,2110140000.0,2020-01-01
131,26871100.0,5101100.0,21770100.0,15171900.0,6008900.0,589400.0,6263200.0,2261700.0,4001500.0,2847900.0,1056700.0,96900.0,3530500.0,3187600.0,10259300.0,19446100.0,2020-02-01
132,49275700.0,11156800.0,38118800.0,25941400.0,10983800.0,1193600.0,11392900.0,4921300.0,6471600.0,4058400.0,2148200.0,265000.0,4427700.0,20705100.0,4438000.0,42341700.0,2020-03-01
133,31910800.0,10545500.0,21365300.0,13848600.0,6524100.0,992600.0,10780400.0,5714200.0,5066200.0,2663900.0,2134600.0,267700.0,4285000.0,-5854000.0,21318100.0,15381900.0,2020-04-01
134,31773600.0,9967100.0,21806500.0,14518300.0,6336300.0,951900.0,10392400.0,5566700.0,4825700.0,2657700.0,1892500.0,275500.0,4271800.0,-1951900.0,5118000.0,11379400.0,2020-05-01
135,41224400.0,11944800.0,29279600.0,19843000.0,8328900.0,1107700.0,11596200.0,5946700.0,5649500.0,3273400.0,2110600.0,265500.0,4867800.0,3111700.0,22228300.0,-765700.0,2020-06-01
136,28755300.0,9833300.0,18922000.0,12626200.0,5423000.0,872800.0,11710500.0,6234900.0,5475600.0,2644000.0,2542200.0,289400.0,4651100.0,-10664700.0,17856600.0,8229400.0,2020-07-01
137,31847300.0,9924600.0,21922700.0,15091800.0,5947600.0,883200.0,11797400.0,6164200.0,5633200.0,2829900.0,2539100.0,264100.0,5063600.0,-2659900.0,26513400.0,27266200.0,2020-08-01
138,37438900.0,10388400.0,27050500.0,17961600.0,7691400.0,1397600.0,13305500.0,6634000.0,6671500.0,3426900.0,2945000.0,299700.0,5556400.0,-10232700.0,15632100.0,10442900.0,2020-09-01
139,26179300.0,8257700.0,17921600.0,12076900.0,4961900.0,882700.0,10923000.0,5402200.0,5520800.0,2824900.0,2447000.0,248900.0,4111400.0,-3934000.0,18480300.0,13549700.0,2020-10-01
140,25718000.0,8905700.0,16812300.0,11182500.0,4794400.0,835500.0,13116500.0,6791200.0,6325300.0,2758400.0,3287800.0,279200.0,4434000.0,5569400.0,21891600.0,34769000.0,2020-11-01
141,30772200.0,9901500.0,20870700.0,14691100.0,5311900.0,867600.0,15136700.0,8483100.0,6653600.0,2426700.0,3899900.0,326900.0,7583600.0,137100.0,25854000.0,37662400.0,2020-12-01
142,100936900.0,12778800.0,88158100.0,74811600.0,12060700.0,1285900.0,15377900.0,6352200.0,9025700.0,5033700.0,3678600.0,313400.0,4501200.0,259816900.0,1096778600.0,2386968400.0,2021-01-01
143,31361900.0,5926300.0,25435500.0,17511400.0,7277800.0,646300.0,10741800.0,4634900.0,6106900.0,3132200.0,2731700.0,243000.0,3635700.0,4797700.0,-1832200.0,5068800.0,2021-02-01
144,47652900.0,10987200.0,36665900.0,24033900.0,11321000.0,1310900.0,13393400.0,6037400.0,7356000.0,3875700.0,3165800.0,314500.0,4271100.0,11533700.0,16142800.0,33804000.0,2021-03-01
145,31738600.0,9903600.0,21834900.0,13671300.0,7120600.0,1043000.0,12393000.0,5925100.0,6467900.0,2640000.0,3538100.0,289800.0,3887200.0,-10210100.0,16253900.0,10351200.0,2021-04-01
146,31644800.0,9440700.0,22204100.0,14735100.0,6485500.0,983500.0,11696100.0,5546100.0,6150000.0,2549900.0,3330000.0,270100.0,4010600.0,-952800.0,15667500.0,23426100.0,2021-05-01
147,27653800.0,11250400.0,16403500.0,8246000.0,7094800.0,1062600.0,11709200.0,5596400.0,6112800.0,2572000.0,3284500.0,256400.0,4158100.0,2076600.0,-24425400.0,-60464200.0,2021-06-01
148,28655300.0,8934000.0,19721100.0,13000500.0,5812600.0,908100.0,13452800.0,6327200.0,7125600.0,2532000.0,4282700.0,310900.0,4060500.0,-8349700.0,1687700.0,-5739500.0,2021-07-01
149,30600700.0,8839700.0,21761100.0,15018200.0,5852700.0,890200.0,13818100.0,6940700.0,6877400.0,2801500.0,3786900.0,289000.0,4152000.0,3750000.0,15871500.0,20070500.0,2021-08-01
150,34898000.0,9756300.0,25141800.0,16884500.0,6833900.0,1423400.0,13338600.0,6653600.0,6685000.0,3005500.0,3357500.0,321900.0,4124100.0,-1507600.0,14845900.0,18479000.0,2021-09-01
151,25389600.0,8504100.0,16885400.0,11523900.0,4496800.0,864700.0,10988600.0,5749800.0,5238800.0,2646900.0,2358400.0,233500.0,3907200.0,-2084800.0,9412400.0,12231200.0,2021-10-01
152,25907500.0,9428900.0,16478600.0,11063600.0,4603600.0,811400.0,13660500.0,7846600.0,5813900.0,2420600.0,3085800.0,317500.0,4432300.0,-4799900.0,16327300.0,17694500.0,2021-11-01
