地区,合计,财产保险,寿险,意外险,健康险,info
全国合计,39608.32,10047.86,21394.57,1003.8,7162.08,2020年10月全国各地区原保险保费收入情况
集团、总公司本级,57.22,50.76,0.02,2.7,3.74,2020年10月全国各地区原保险保费收入情况
北   京,1950.61,371.68,1120.89,58.07,399.97,2020年10月全国各地区原保险保费收入情况
天   津,587.32,139.67,338.1,17.64,91.92,2020年10月全国各地区原保险保费收入情况
河   北,1848.08,505.42,986.82,34.61,321.23,2020年10月全国各地区原保险保费收入情况
辽   宁,849.73,256.09,433.42,17.56,142.66,2020年10月全国各地区原保险保费收入情况
大   连,314.86,73.52,189.67,6.42,45.25,2020年10月全国各地区原保险保费收入情况
上   海,1562.3,413.95,847.28,63.62,237.45,2020年10月全国各地区原保险保费收入情况
江   苏,3536.98,832.08,2121.77,74.19,508.94,2020年10月全国各地区原保险保费收入情况
浙   江,2145.62,636.47,1132.91,52.7,323.53,2020年10月全国各地区原保险保费收入情况
宁   波,331.79,144.83,138.57,8.07,40.31,2020年10月全国各地区原保险保费收入情况
福   建,887.06,219.03,461.34,24.84,181.85,2020年10月全国各地区原保险保费收入情况
厦   门,206.24,63.09,102.65,6.1,34.4,2020年10月全国各地区原保险保费收入情况
山   东,2627.57,583.13,1447.31,53.67,543.46,2020年10月全国各地区原保险保费收入情况
青   岛,442.12,117.56,226.13,8.84,89.59,2020年10月全国各地区原保险保费收入情况
广   东,3635.53,835.44,2087.33,108.15,604.6,2020年10月全国各地区原保险保费收入情况
深   圳,1226.99,297.22,596.99,40.34,292.43,2020年10月全国各地区原保险保费收入情况
海   南,178.62,61.31,78.94,5.74,32.63,2020年10月全国各地区原保险保费收入情况
山   西,840.1,202.94,478.56,18.06,140.54,2020年10月全国各地区原保险保费收入情况
吉   林,638.36,165.79,326.12,13.16,133.29,2020年10月全国各地区原保险保费收入情况
黑龙江,879.69,183.79,481.18,15.51,199.21,2020年10月全国各地区原保险保费收入情况
安   徽,1243.35,403.64,598.77,29.21,211.72,2020年10月全国各地区原保险保费收入情况
江   西,823.75,234.77,405.54,21.06,162.38,2020年10月全国各地区原保险保费收入情况
河   南,2229.77,476.95,1248.86,46.41,457.55,2020年10月全国各地区原保险保费收入情况
湖   北,1616.05,317.77,952.67,36.69,308.93,2020年10月全国各地区原保险保费收入情况
湖   南,1335.25,346.26,684.64,34.01,270.35,2020年10月全国各地区原保险保费收入情况
重   庆,881.5,191.59,496.14,23.01,170.76,2020年10月全国各地区原保险保费收入情况
四   川,2002.02,453.02,1146.1,49.38,353.52,2020年10月全国各地区原保险保费收入情况
贵   州,451.03,190.48,165.71,15.92,78.92,2020年10月全国各地区原保险保费收入情况
云   南,661.85,252.39,256.58,22.27,130.61,2020年10月全国各地区原保险保费收入情况
西   藏,33.83,22.99,4.99,2.43,3.42,2020年10月全国各地区原保险保费收入情况
陕   西,977.62,196.82,606.96,20.43,153.41,2020年10月全国各地区原保险保费收入情况
甘   肃,426.0,125.09,211.04,12.34,77.53,2020年10月全国各地区原保险保费收入情况
青   海,91.09,35.8,37.2,2.72,15.37,2020年10月全国各地区原保险保费收入情况
宁   夏,185.52,58.32,86.79,5.38,35.02,2020年10月全国各地区原保险保费收入情况
新   疆,606.3,210.89,271.8,14.99,108.62,2020年10月全国各地区原保险保费收入情况
内蒙古,656.05,188.99,323.91,13.28,129.87,2020年10月全国各地区原保险保费收入情况
广   西,640.57,188.32,300.91,24.26,127.09,2020年10月全国各地区原保险保费收入情况
全国合计,42180.12,10938.43,22512.82,1087.35,7641.52,2020年11月全国各地区原保险保费收入情况
集团、总公司本级,60.72,52.86,0.03,3.0,4.83,2020年11月全国各地区原保险保费收入情况
北   京,2108.46,404.9,1213.9,62.26,427.4,2020年11月全国各地区原保险保费收入情况
天   津,627.43,152.14,358.23,18.73,98.33,2020年11月全国各地区原保险保费收入情况
河   北,1966.3,548.09,1040.02,37.56,340.63,2020年11月全国各地区原保险保费收入情况
辽   宁,904.34,277.13,456.16,19.04,152.0,2020年11月全国各地区原保险保费收入情况
大   连,337.66,79.66,202.27,6.98,48.75,2020年11月全国各地区原保险保费收入情况
上   海,1695.83,452.63,917.44,68.97,256.79,2020年11月全国各地区原保险保费收入情况
江   苏,3752.63,907.09,2222.13,80.28,543.13,2020年11月全国各地区原保险保费收入情况
浙   江,2292.25,699.58,1191.31,57.23,344.13,2020年11月全国各地区原保险保费收入情况
宁   波,356.85,159.04,146.12,8.89,42.8,2020年11月全国各地区原保险保费收入情况
福   建,943.22,238.83,480.61,26.83,196.94,2020年11月全国各地区原保险保费收入情况
厦   门,220.03,68.8,107.67,6.55,37.0,2020年11月全国各地区原保险保费收入情况
山   东,2784.96,634.5,1514.78,57.93,577.75,2020年11月全国各地区原保险保费收入情况
青   岛,473.59,128.7,240.39,9.56,94.94,2020年11月全国各地区原保险保费收入情况
广   东,3893.65,914.13,2212.12,117.84,649.57,2020年11月全国各地区原保险保费收入情况
深   圳,1335.59,329.88,642.33,43.75,319.63,2020年11月全国各地区原保险保费收入情况
海   南,189.8,65.87,82.74,6.27,34.93,2020年11月全国各地区原保险保费收入情况
山   西,885.24,220.6,498.15,19.39,147.1,2020年11月全国各地区原保险保费收入情况
吉   林,672.46,177.23,339.31,14.31,141.62,2020年11月全国各地区原保险保费收入情况
黑龙江,929.96,196.61,502.47,16.75,214.13,2020年11月全国各地区原保险保费收入情况
安   徽,1317.48,436.28,624.43,31.85,224.93,2020年11月全国各地区原保险保费收入情况
江   西,870.9,254.25,424.39,22.9,169.36,2020年11月全国各地区原保险保费收入情况
河   南,2361.05,520.73,1304.89,49.82,485.61,2020年11月全国各地区原保险保费收入情况
湖   北,1700.09,343.11,990.26,39.41,327.32,2020年11月全国各地区原保险保费收入情况
湖   南,1414.26,374.88,716.3,36.84,286.24,2020年11月全国各地区原保险保费收入情况
重   庆,930.08,209.06,516.84,24.97,179.22,2020年11月全国各地区原保险保费收入情况
四   川,2130.71,495.99,1200.68,53.99,380.05,2020年11月全国各地区原保险保费收入情况
贵   州,480.69,207.07,174.04,17.27,82.31,2020年11月全国各地区原保险保费收入情况
云   南,704.21,272.89,267.57,24.43,139.31,2020年11月全国各地区原保险保费收入情况
西   藏,35.72,24.38,5.12,2.62,3.6,2020年11月全国各地区原保险保费收入情况
陕   西,1038.24,216.65,636.45,22.16,162.98,2020年11月全国各地区原保险保费收入情况
甘   肃,449.56,133.99,218.97,13.3,83.3,2020年11月全国各地区原保险保费收入情况
青   海,97.36,39.83,38.49,2.93,16.11,2020年11月全国各地区原保险保费收入情况
宁   夏,196.9,62.99,90.6,5.82,37.5,2020年11月全国各地区原保险保费收入情况
新   疆,642.24,223.76,283.8,16.41,118.27,2020年11月全国各地区原保险保费收入情况
内蒙古,694.81,203.08,338.82,14.41,138.5,2020年11月全国各地区原保险保费收入情况
广   西,684.82,211.19,313.0,26.09,134.54,2020年11月全国各地区原保险保费收入情况
全国合计,45257.34,11928.58,23981.93,1174.11,8172.71,2020年12月全国各地区原保险保费收入情况
集团、总公司本级,61.47,52.72,0.03,3.34,5.38,2020年12月全国各地区原保险保费收入情况
北   京,2302.91,441.36,1333.52,66.49,461.55,2020年12月全国各地区原保险保费收入情况
天   津,672.09,164.26,382.33,19.79,105.71,2020年12月全国各地区原保险保费收入情况
河   北,2088.64,591.92,1101.86,40.37,354.5,2020年12月全国各地区原保险保费收入情况
辽   宁,969.6,300.1,485.35,20.61,163.54,2020年12月全国各地区原保险保费收入情况
大   连,368.67,86.35,220.67,7.55,54.1,2020年12月全国各地区原保险保费收入情况
上   海,1864.99,509.28,999.67,75.13,280.92,2020年12月全国各地区原保险保费收入情况
江   苏,4015.1,993.34,2348.41,87.34,586.0,2020年12月全国各地区原保险保费收入情况
浙   江,2476.94,765.98,1280.54,61.53,368.88,2020年12月全国各地区原保险保费收入情况
宁   波,390.72,174.12,161.68,9.74,45.17,2020年12月全国各地区原保险保费收入情况
福   建,1005.79,260.99,505.97,28.88,209.94,2020年12月全国各地区原保险保费收入情况
厦   门,236.46,76.08,114.01,7.04,39.34,2020年12月全国各地区原保险保费收入情况
山   东,2971.55,686.17,1613.91,62.43,609.04,2020年12月全国各地区原保险保费收入情况
青   岛,510.94,140.58,259.52,10.5,100.34,2020年12月全国各地区原保险保费收入情况
广   东,4199.34,1009.9,2367.57,128.36,693.51,2020年12月全国各地区原保险保费收入情况
深   圳,1453.51,363.37,695.08,47.26,347.81,2020年12月全国各地区原保险保费收入情况
海   南,205.91,72.21,88.81,6.91,37.98,2020年12月全国各地区原保险保费收入情况
山   西,932.77,237.86,517.01,20.96,156.94,2020年12月全国各地区原保险保费收入情况
吉   林,710.09,187.99,354.04,15.42,152.64,2020年12月全国各地区原保险保费收入情况
黑龙江,987.26,209.94,528.27,18.13,230.92,2020年12月全国各地区原保险保费收入情况
安   徽,1403.53,470.95,656.74,34.69,241.15,2020年12月全国各地区原保险保费收入情况
江   西,927.86,277.47,446.2,24.57,179.63,2020年12月全国各地区原保险保费收入情况
河   南,2506.0,570.56,1367.9,52.97,514.58,2020年12月全国各地区原保险保费收入情况
湖   北,1854.38,370.25,1095.28,42.16,346.7,2020年12月全国各地区原保险保费收入情况
湖   南,1513.06,408.92,760.81,39.67,303.66,2020年12月全国各地区原保险保费收入情况
重   庆,987.62,230.22,539.0,27.03,191.38,2020年12月全国各地区原保险保费收入情况
四   川,2273.57,548.12,1258.38,58.2,408.87,2020年12月全国各地区原保险保费收入情况
贵   州,511.77,225.49,182.92,19.0,84.36,2020年12月全国各地区原保险保费收入情况
云   南,756.45,295.82,285.55,26.33,148.75,2020年12月全国各地区原保险保费收入情况
西   藏,39.81,27.25,5.24,2.9,4.42,2020年12月全国各地区原保险保费收入情况
陕   西,1102.74,238.04,666.25,23.96,174.49,2020年12月全国各地区原保险保费收入情况
甘   肃,485.19,143.99,238.16,14.35,88.69,2020年12月全国各地区原保险保费收入情况
青   海,103.63,43.57,40.12,3.13,16.81,2020年12月全国各地区原保险保费收入情况
宁   夏,210.71,67.85,96.66,6.27,39.93,2020年12月全国各地区原保险保费收入情况
新   疆,681.91,235.36,298.84,17.77,129.94,2020年12月全国各地区原保险保费收入情况
内蒙古,740.0,216.94,359.83,15.57,147.66,2020年12月全国各地区原保险保费收入情况
广   西,734.33,233.23,325.81,27.8,147.49,2020年12月全国各地区原保险保费收入情况
全国合计,9080.68,1335.93,6686.6,116.65,941.49,2020年1月全国各地区原保险保费收入情况
集团、总公司本级,1.6,1.13,0.0,0.34,0.12,2020年1月全国各地区原保险保费收入情况
北   京,394.6,51.07,265.93,7.88,69.72,2020年1月全国各地区原保险保费收入情况
天   津,132.39,19.1,99.87,2.58,10.84,2020年1月全国各地区原保险保费收入情况
河   北,379.4,61.41,278.92,3.91,35.16,2020年1月全国各地区原保险保费收入情况
辽   宁,185.29,27.23,138.63,2.01,17.41,2020年1月全国各地区原保险保费收入情况
大   连,76.68,9.08,61.03,0.56,6.01,2020年1月全国各地区原保险保费收入情况
上   海,287.35,62.44,182.65,8.19,34.08,2020年1月全国各地区原保险保费收入情况
江   苏,860.16,109.41,681.02,8.5,61.22,2020年1月全国各地区原保险保费收入情况
浙   江,509.81,85.03,378.15,6.0,40.64,2020年1月全国各地区原保险保费收入情况
宁   波,69.4,18.99,44.35,0.76,5.3,2020年1月全国各地区原保险保费收入情况
福   建,223.53,31.17,165.85,2.83,23.68,2020年1月全国各地区原保险保费收入情况
厦   门,46.34,7.91,34.23,0.69,3.52,2020年1月全国各地区原保险保费收入情况
山   东,627.35,81.87,482.35,5.25,57.88,2020年1月全国各地区原保险保费收入情况
青   岛,102.7,15.23,68.83,1.1,17.55,2020年1月全国各地区原保险保费收入情况
广   东,828.96,118.66,611.02,12.48,86.8,2020年1月全国各地区原保险保费收入情况
深   圳,228.4,40.8,154.58,6.17,26.84,2020年1月全国各地区原保险保费收入情况
海   南,35.45,7.76,23.92,0.65,3.13,2020年1月全国各地区原保险保费收入情况
山   西,216.52,24.0,168.71,2.14,21.67,2020年1月全国各地区原保险保费收入情况
吉   林,151.96,18.07,115.82,1.69,16.38,2020年1月全国各地区原保险保费收入情况
黑龙江,213.23,17.17,169.93,1.92,24.22,2020年1月全国各地区原保险保费收入情况
安   徽,284.28,54.38,200.61,3.6,25.68,2020年1月全国各地区原保险保费收入情况
江   西,181.79,30.06,133.78,2.2,15.75,2020年1月全国各地区原保险保费收入情况
河   南,500.51,64.42,370.68,4.83,60.58,2020年1月全国各地区原保险保费收入情况
湖   北,441.35,55.44,344.6,4.76,36.55,2020年1月全国各地区原保险保费收入情况
湖   南,293.82,45.01,214.81,3.83,30.16,2020年1月全国各地区原保险保费收入情况
重   庆,215.34,26.61,159.76,2.28,26.69,2020年1月全国各地区原保险保费收入情况
四   川,453.91,60.27,346.69,5.84,41.11,2020年1月全国各地区原保险保费收入情况
贵   州,97.23,29.18,54.95,1.63,11.47,2020年1月全国各地区原保险保费收入情况
云   南,151.9,35.66,82.73,2.28,31.23,2020年1月全国各地区原保险保费收入情况
西   藏,4.32,1.76,2.2,0.16,0.2,2020年1月全国各地区原保险保费收入情况
陕   西,256.89,25.61,205.07,2.61,23.61,2020年1月全国各地区原保险保费收入情况
甘   肃,118.21,15.13,84.16,1.3,17.62,2020年1月全国各地区原保险保费收入情况
青   海,24.57,4.88,15.42,0.25,4.02,2020年1月全国各地区原保险保费收入情况
宁   夏,44.41,7.34,32.43,0.55,4.09,2020年1月全国各地区原保险保费收入情况
新   疆,145.59,26.06,103.4,1.58,14.56,2020年1月全国各地区原保险保费收入情况
内蒙古,144.06,21.11,102.2,1.37,19.38,2020年1月全国各地区原保险保费收入情况
广   西,151.35,25.48,107.31,1.93,16.63,2020年1月全国各地区原保险保费收入情况
全国合计,11767.79,1846.04,8203.79,175.59,1542.38,2020年2月全国各地区原保险保费收入情况
集团、总公司本级,2.98,2.14,0.01,0.58,0.25,2020年2月全国各地区原保险保费收入情况
北   京,513.2,70.57,327.14,10.64,104.85,2020年2月全国各地区原保险保费收入情况
天   津,165.9,25.95,119.3,3.53,17.12,2020年2月全国各地区原保险保费收入情况
河   北,493.95,87.0,339.78,5.66,61.51,2020年2月全国各地区原保险保费收入情况
辽   宁,236.62,39.19,167.64,3.17,26.62,2020年2月全国各地区原保险保费收入情况
大   连,98.01,12.78,74.28,0.95,10.0,2020年2月全国各地区原保险保费收入情况
上   海,386.63,87.4,234.95,12.95,51.33,2020年2月全国各地区原保险保费收入情况
江   苏,1173.55,157.29,893.47,12.86,109.93,2020年2月全国各地区原保险保费收入情况
浙   江,650.56,119.16,460.6,8.81,61.99,2020年2月全国各地区原保险保费收入情况
宁   波,87.49,26.04,51.85,1.19,8.41,2020年2月全国各地区原保险保费收入情况
福   建,289.22,42.75,199.97,4.32,42.18,2020年2月全国各地区原保险保费收入情况
厦   门,58.17,11.17,40.38,1.04,5.57,2020年2月全国各地区原保险保费收入情况
山   东,797.28,116.45,576.64,8.4,95.79,2020年2月全国各地区原保险保费收入情况
青   岛,126.25,21.04,81.75,1.62,21.83,2020年2月全国各地区原保险保费收入情况
广   东,1045.0,158.13,736.92,18.16,131.79,2020年2月全国各地区原保险保费收入情况
深   圳,301.25,53.97,187.82,8.91,50.54,2020年2月全国各地区原保险保费收入情况
海   南,45.7,11.37,28.48,0.99,4.87,2020年2月全国各地区原保险保费收入情况
山   西,263.73,33.09,193.25,3.1,34.28,2020年2月全国各地区原保险保费收入情况
吉   林,197.37,27.35,135.51,2.78,31.74,2020年2月全国各地区原保险保费收入情况
黑龙江,264.68,22.26,196.35,2.87,43.2,2020年2月全国各地区原保险保费收入情况
安   徽,371.84,77.77,246.33,5.34,42.39,2020年2月全国各地区原保险保费收入情况
江   西,245.91,42.78,170.98,3.24,28.91,2020年2月全国各地区原保险保费收入情况
河   南,679.56,85.81,464.92,7.55,121.29,2020年2月全国各地区原保险保费收入情况
湖   北,525.08,68.91,395.95,6.85,53.37,2020年2月全国各地区原保险保费收入情况
湖   南,389.81,62.07,265.98,5.81,55.96,2020年2月全国各地区原保险保费收入情况
重   庆,307.57,37.27,206.13,3.89,60.27,2020年2月全国各地区原保险保费收入情况
四   川,639.38,86.57,471.0,9.32,72.49,2020年2月全国各地区原保险保费收入情况
贵   州,127.25,40.51,67.1,2.55,17.08,2020年2月全国各地区原保险保费收入情况
云   南,189.39,50.37,98.55,3.45,37.02,2020年2月全国各地区原保险保费收入情况
西   藏,5.17,2.45,2.29,0.19,0.25,2020年2月全国各地区原保险保费收入情况
陕   西,312.48,33.62,243.1,3.69,32.07,2020年2月全国各地区原保险保费收入情况
甘   肃,142.12,20.72,98.02,2.0,21.37,2020年2月全国各地区原保险保费收入情况
青   海,28.61,6.34,17.11,0.39,4.76,2020年2月全国各地区原保险保费收入情况
宁   夏,55.09,9.84,37.86,0.86,6.52,2020年2月全国各地区原保险保费收入情况
新   疆,178.53,32.55,121.05,2.34,22.59,2020年2月全国各地区原保险保费收入情况
内蒙古,176.65,28.26,119.11,2.11,27.16,2020年2月全国各地区原保险保费收入情况
广   西,195.86,35.11,132.2,3.47,25.08,2020年2月全国各地区原保险保费收入情况
全国合计,16695.36,2961.72,10797.93,294.95,2640.76,2020年3月全国各地区原保险保费收入情况
集团、总公司本级,12.52,11.44,0.01,0.66,0.42,2020年3月全国各地区原保险保费收入情况
北   京,730.18,111.84,447.9,19.28,151.16,2020年3月全国各地区原保险保费收入情况
天   津,240.74,40.81,161.36,6.06,32.5,2020年3月全国各地区原保险保费收入情况
河   北,740.98,144.64,468.69,9.33,118.33,2020年3月全国各地区原保险保费收入情况
辽   宁,343.94,69.37,221.73,5.2,47.64,2020年3月全国各地区原保险保费收入情况
大   连,134.23,21.5,95.65,1.73,15.35,2020年3月全国各地区原保险保费收入情况
上   海,560.63,131.06,329.52,20.33,79.71,2020年3月全国各地区原保险保费收入情况
江   苏,1637.47,253.81,1178.46,22.96,182.24,2020年3月全国各地区原保险保费收入情况
浙   江,901.46,185.43,587.86,15.59,112.57,2020年3月全国各地区原保险保费收入情况
宁   波,124.8,41.73,68.56,2.06,12.45,2020年3月全国各地区原保险保费收入情况
福   建,393.15,66.9,250.66,7.27,68.32,2020年3月全国各地区原保险保费收入情况
厦   门,81.6,17.71,52.92,1.7,9.26,2020年3月全国各地区原保险保费收入情况
山   东,1142.49,181.68,755.97,15.17,189.67,2020年3月全国各地区原保险保费收入情况
青   岛,180.69,32.26,107.85,2.87,37.7,2020年3月全国各地区原保险保费收入情况
广   东,1508.33,250.37,1004.73,29.8,223.43,2020年3月全国各地区原保险保费收入情况
深   圳,446.45,86.51,259.7,13.48,86.75,2020年3月全国各地区原保险保费收入情况
海   南,69.61,17.08,37.95,1.58,12.99,2020年3月全国各地区原保险保费收入情况
山   西,368.94,57.88,249.36,5.34,56.36,2020年3月全国各地区原保险保费收入情况
吉   林,275.85,44.9,172.91,4.39,53.65,2020年3月全国各地区原保险保费收入情况
黑龙江,367.5,39.03,250.73,4.85,72.89,2020年3月全国各地区原保险保费收入情况
安   徽,523.46,124.54,308.72,8.66,81.54,2020年3月全国各地区原保险保费收入情况
江   西,355.65,70.9,218.79,5.85,60.11,2020年3月全国各地区原保险保费收入情况
河   南,956.29,144.09,615.05,12.82,184.34,2020年3月全国各地区原保险保费收入情况
湖   北,727.96,98.56,517.25,10.28,101.87,2020年3月全国各地区原保险保费收入情况
湖   南,555.61,95.02,341.91,9.82,108.86,2020年3月全国各地区原保险保费收入情况
重   庆,404.84,57.15,261.01,6.18,80.5,2020年3月全国各地区原保险保费收入情况
四   川,891.72,135.51,618.77,15.66,121.78,2020年3月全国各地区原保险保费收入情况
贵   州,190.02,61.86,86.72,4.44,37.0,2020年3月全国各地区原保险保费收入情况
云   南,274.0,78.8,129.23,6.06,59.92,2020年3月全国各地区原保险保费收入情况
西   藏,11.39,7.76,2.81,0.39,0.43,2020年3月全国各地区原保险保费收入情况
陕   西,433.85,55.23,314.1,5.87,58.66,2020年3月全国各地区原保险保费收入情况
甘   肃,201.58,35.02,123.25,3.54,39.76,2020年3月全国各地区原保险保费收入情况
青   海,38.91,9.67,22.0,0.71,6.54,2020年3月全国各地区原保险保费收入情况
宁   夏,76.72,16.22,48.68,1.46,10.36,2020年3月全国各地区原保险保费收入情况
新   疆,258.69,60.75,154.24,4.03,39.67,2020年3月全国各地区原保险保费收入情况
内蒙古,256.08,46.72,160.38,3.76,45.22,2020年3月全国各地区原保险保费收入情况
广   西,277.03,57.94,172.53,5.72,40.84,2020年3月全国各地区原保险保费收入情况
全国合计,19886.44,4016.27,12182.79,394.21,3293.17,2020年4月全国各地区原保险保费收入情况
集团、总公司本级,15.13,13.63,0.01,0.86,0.63,2020年4月全国各地区原保险保费收入情况
北   京,907.55,151.2,546.44,23.55,186.36,2020年4月全国各地区原保险保费收入情况
天   津,288.43,54.7,185.01,8.01,40.71,2020年4月全国各地区原保险保费收入情况
河   北,889.8,201.13,525.84,12.61,150.22,2020年4月全国各地区原保险保费收入情况
辽   宁,410.29,94.63,249.56,7.1,59.01,2020年4月全国各地区原保险保费收入情况
大   连,160.55,28.87,109.68,2.43,19.57,2020年4月全国各地区原保险保费收入情况
上   海,707.32,172.29,407.35,26.57,101.11,2020年4月全国各地区原保险保费收入情况
江   苏,1907.71,339.29,1309.62,30.94,227.86,2020年4月全国各地区原保险保费收入情况
浙   江,1075.37,248.41,665.02,20.69,141.25,2020年4月全国各地区原保险保费收入情况
宁   波,151.46,56.35,76.34,2.93,15.85,2020年4月全国各地区原保险保费收入情况
福   建,462.74,90.95,276.66,9.55,85.58,2020年4月全国各地区原保险保费收入情况
厦   门,99.44,25.18,59.65,2.29,12.32,2020年4月全国各地区原保险保费收入情况
山   东,1354.31,243.47,842.72,20.42,247.71,2020年4月全国各地区原保险保费收入情况
青   岛,216.86,43.43,123.54,3.67,46.23,2020年4月全国各地区原保险保费收入情况
广   东,1809.75,332.44,1156.1,41.13,280.08,2020年4月全国各地区原保险保费收入情况
深   圳,556.78,115.26,308.37,17.73,115.41,2020年4月全国各地区原保险保费收入情况
海   南,83.95,22.94,43.63,2.14,15.24,2020年4月全国各地区原保险保费收入情况
山   西,431.37,79.71,277.83,7.25,66.58,2020年4月全国各地区原保险保费收入情况
吉   林,325.91,61.32,194.76,5.7,64.13,2020年4月全国各地区原保险保费收入情况
黑龙江,432.79,55.54,278.85,6.42,91.99,2020年4月全国各地区原保险保费收入情况
安   徽,612.18,163.8,338.9,11.39,98.1,2020年4月全国各地区原保险保费收入情况
江   西,416.13,93.41,241.0,7.61,74.1,2020年4月全国各地区原保险保费收入情况
河   南,1125.39,194.84,688.83,17.15,224.57,2020年4月全国各地区原保险保费收入情况
湖   北,860.23,134.75,577.09,14.4,133.99,2020年4月全国各地区原保险保费收入情况
湖   南,661.3,131.39,381.37,13.11,135.43,2020年4月全国各地区原保险保费收入情况
重   庆,465.72,76.65,288.38,8.48,92.22,2020年4月全国各地区原保险保费收入情况
四   川,1049.22,181.95,689.99,20.53,156.75,2020年4月全国各地区原保险保费收入情况
贵   州,225.91,79.97,95.4,5.78,44.75,2020年4月全国各地区原保险保费收入情况
云   南,322.43,103.03,143.91,8.1,67.38,2020年4月全国各地区原保险保费收入情况
西   藏,15.19,10.67,3.06,0.68,0.78,2020年4月全国各地区原保险保费收入情况
陕   西,506.66,76.98,351.78,7.76,70.14,2020年4月全国各地区原保险保费收入情况
甘   肃,233.05,48.28,134.96,4.89,44.92,2020年4月全国各地区原保险保费收入情况
青   海,45.52,12.85,24.2,0.98,7.5,2020年4月全国各地区原保险保费收入情况
宁   夏,91.24,22.47,53.58,2.01,13.17,2020年4月全国各地区原保险保费收入情况
新   疆,338.28,113.61,167.97,6.28,50.42,2020年4月全国各地区原保险保费收入情况
内蒙古,306.98,64.93,178.55,5.18,58.32,2020年4月全国各地区原保险保费收入情况
广   西,323.49,75.92,186.84,7.92,52.8,2020年4月全国各地区原保险保费收入情况
全国合计,23063.8,5012.98,13634.62,489.4,3926.8,2020年5月全国各地区原保险保费收入情况
集团、总公司本级,19.6,17.53,0.02,1.16,0.9,2020年5月全国各地区原保险保费收入情况
北   京,1070.72,184.85,638.05,28.11,219.71,2020年5月全国各地区原保险保费收入情况
天   津,335.38,68.25,208.15,9.9,49.07,2020年5月全国各地区原保险保费收入情况
河   北,1039.94,253.07,595.87,16.4,174.6,2020年5月全国各地区原保险保费收入情况
辽   宁,481.32,118.3,279.46,8.75,74.8,2020年5月全国各地区原保险保费收入情况
大   连,185.52,36.03,122.55,3.01,23.93,2020年5月全国各地区原保险保费收入情况
上   海,841.12,209.94,477.25,31.84,122.08,2020年5月全国各地区原保险保费收入情况
江   苏,2162.34,420.62,1429.7,38.17,273.85,2020年5月全国各地区原保险保费收入情况
浙   江,1246.09,310.61,741.88,25.61,167.99,2020年5月全国各地区原保险保费收入情况
宁   波,181.35,70.87,87.0,3.8,19.68,2020年5月全国各地区原保险保费收入情况
福   建,527.88,112.62,304.63,11.94,98.69,2020年5月全国各地区原保险保费收入情况
厦   门,115.99,31.61,65.92,2.98,15.48,2020年5月全国各地区原保险保费收入情况
山   东,1567.67,301.57,934.72,25.41,305.98,2020年5月全国各地区原保险保费收入情况
青   岛,249.92,54.43,138.22,4.43,52.84,2020年5月全国各地区原保险保费收入情况
广   东,2105.38,416.26,1302.51,52.07,334.54,2020年5月全国各地区原保险保费收入情况
深   圳,665.46,145.22,357.27,21.67,141.31,2020年5月全国各地区原保险保费收入情况
海   南,98.4,28.82,49.19,2.76,17.63,2020年5月全国各地区原保险保费收入情况
山   西,498.89,101.46,308.81,8.99,79.63,2020年5月全国各地区原保险保费收入情况
吉   林,376.38,77.13,217.41,6.94,74.9,2020年5月全国各地区原保险保费收入情况
黑龙江,506.48,73.44,316.0,7.75,109.29,2020年5月全国各地区原保险保费收入情况
安   徽,717.65,202.51,382.24,14.05,118.85,2020年5月全国各地区原保险保费收入情况
江   西,486.33,117.04,267.41,9.42,92.46,2020年5月全国各地区原保险保费收入情况
河   南,1298.36,241.3,774.07,21.39,261.59,2020年5月全国各地区原保险保费收入情况
湖   北,984.25,164.97,640.71,18.19,160.38,2020年5月全国各地区原保险保费收入情况
湖   南,774.99,169.92,428.9,16.58,159.59,2020年5月全国各地区原保险保费收入情况
重   庆,541.58,95.4,330.78,10.76,104.63,2020年5月全国各地区原保险保费收入情况
四   川,1202.17,227.51,759.33,24.94,190.4,2020年5月全国各地区原保险保费收入情况
贵   州,261.1,97.54,105.35,7.15,51.06,2020年5月全国各地区原保险保费收入情况
云   南,373.98,128.68,158.84,10.07,76.39,2020年5月全国各地区原保险保费收入情况
西   藏,19.75,12.95,3.31,0.92,2.57,2020年5月全国各地区原保险保费收入情况
陕   西,582.26,96.76,392.48,9.75,83.26,2020年5月全国各地区原保险保费收入情况
甘   肃,268.28,64.09,147.68,6.16,50.36,2020年5月全国各地区原保险保费收入情况
青   海,51.6,16.25,25.6,1.24,8.51,2020年5月全国各地区原保险保费收入情况
宁   夏,106.55,29.66,58.32,2.57,16.01,2020年5月全国各地区原保险保费收入情况
新   疆,390.14,138.43,183.37,7.79,60.54,2020年5月全国各地区原保险保费收入情况
内蒙古,357.3,82.38,199.45,6.47,69.0,2020年5月全国各地区原保险保费收入情况
广   西,371.69,94.95,202.17,10.27,64.3,2020年5月全国各地区原保险保费收入情况
全国合计,27186.24,6207.46,15618.92,600.17,4759.69,2020年6月全国各地区原保险保费收入情况
集团、总公司本级,25.55,22.8,0.02,1.47,1.25,2020年6月全国各地区原保险保费收入情况
北   京,1271.09,225.82,748.28,37.54,259.45,2020年6月全国各地区原保险保费收入情况
天   津,397.81,85.4,241.0,11.82,59.58,2020年6月全国各地区原保险保费收入情况
河   北,1243.63,311.6,696.91,20.18,214.95,2020年6月全国各地区原保险保费收入情况
辽   宁,591.65,164.93,319.57,10.79,96.37,2020年6月全国各地区原保险保费收入情况
大   连,216.72,44.4,139.83,3.61,28.89,2020年6月全国各地区原保险保费收入情况
上   海,1000.46,258.12,557.25,38.36,146.73,2020年6月全国各地区原保险保费收入情况
江   苏,2499.92,511.42,1609.16,46.04,333.29,2020年6月全国各地区原保险保费收入情况
浙   江,1464.24,381.39,846.95,31.24,204.66,2020年6月全国各地区原保险保费收入情况
宁   波,218.45,87.67,100.91,4.6,25.26,2020年6月全国各地区原保险保费收入情况
福   建,613.94,134.81,346.38,14.66,118.09,2020年6月全国各地区原保险保费收入情况
厦   门,136.39,38.75,74.86,3.7,19.07,2020年6月全国各地区原保险保费收入情况
山   东,1848.68,360.95,1081.14,31.87,374.72,2020年6月全国各地区原保险保费收入情况
青   岛,296.12,67.05,161.59,5.41,62.07,2020年6月全国各地区原保险保费收入情况
广   东,2469.54,507.48,1494.78,64.06,403.22,2020年6月全国各地区原保险保费收入情况
深   圳,788.44,179.31,414.2,25.79,169.14,2020年6月全国各地区原保险保费收入情况
海   南,117.99,35.89,56.93,3.36,21.82,2020年6月全国各地区原保险保费收入情况
山   西,587.59,126.51,353.83,10.92,96.33,2020年6月全国各地区原保险保费收入情况
吉   林,453.35,106.87,247.47,8.18,90.83,2020年6月全国各地区原保险保费收入情况
黑龙江,622.75,121.89,358.16,9.37,133.33,2020年6月全国各地区原保险保费收入情况
安   徽,853.92,244.8,442.46,17.2,149.46,2020年6月全国各地区原保险保费收入情况
江   西,580.81,146.92,303.49,11.68,118.72,2020年6月全国各地区原保险保费收入情况
河   南,1525.53,292.11,894.64,26.95,311.82,2020年6月全国各地区原保险保费收入情况
湖   北,1137.81,195.48,723.54,21.99,196.8,2020年6月全国各地区原保险保费收入情况
湖   南,917.39,214.84,494.25,19.98,188.32,2020年6月全国各地区原保险保费收入情况
重   庆,624.93,117.86,371.6,13.09,122.38,2020年6月全国各地区原保险保费收入情况
四   川,1395.41,279.24,855.45,29.88,230.84,2020年6月全国各地区原保险保费收入情况
贵   州,305.63,118.42,120.6,8.62,57.99,2020年6月全国各地区原保险保费收入情况
云   南,440.24,156.32,183.05,12.53,88.34,2020年6月全国各地区原保险保费收入情况
西   藏,24.28,16.48,3.75,1.21,2.84,2020年6月全国各地区原保险保费收入情况
陕   西,682.89,119.11,447.84,11.92,104.01,2020年6月全国各地区原保险保费收入情况
甘   肃,312.14,81.35,166.25,7.45,57.08,2020年6月全国各地区原保险保费收入情况
青   海,61.95,21.58,28.4,1.52,10.45,2020年6月全国各地区原保险保费收入情况
宁   夏,128.22,37.3,65.16,3.22,22.53,2020年6月全国各地区原保险保费收入情况
新   疆,447.94,158.98,206.2,9.4,73.36,2020年6月全国各地区原保险保费收入情况
内蒙古,446.45,119.07,234.34,7.98,85.06,2020年6月全国各地区原保险保费收入情况
广   西,436.41,114.51,228.65,12.58,80.66,2020年6月全国各地区原保险保费收入情况
全国合计,30061.77,7190.79,16881.54,687.45,5301.99,2020年7月全国各地区原保险保费收入情况
集团、总公司本级,32.49,28.67,0.02,1.77,2.04,2020年7月全国各地区原保险保费收入情况
北   京,1429.16,261.66,830.26,42.45,294.79,2020年7月全国各地区原保险保费收入情况
天   津,440.8,98.56,261.63,13.39,67.22,2020年7月全国各地区原保险保费收入情况
河   北,1381.9,360.98,757.4,23.26,240.26,2020年7月全国各地区原保险保费收入情况
辽   宁,652.36,188.03,344.26,12.23,107.84,2020年7月全国各地区原保险保费收入情况
大   连,239.33,51.57,151.02,4.08,32.66,2020年7月全国各地区原保险保费收入情况
上   海,1142.02,298.2,629.81,44.22,169.79,2020年7月全国各地区原保险保费收入情况
江   苏,2750.7,591.98,1732.68,52.71,373.33,2020年7月全国各地区原保险保费收入情况
浙   江,1624.32,445.18,910.83,35.93,232.38,2020年7月全国各地区原保险保费收入情况
宁   波,244.51,101.99,108.32,5.36,28.83,2020年7月全国各地区原保险保费收入情况
福   建,675.79,155.45,371.73,16.69,131.92,2020年7月全国各地区原保险保费收入情况
厦   门,152.45,45.4,80.72,4.25,22.08,2020年7月全国各地区原保险保费收入情况
山   东,2025.5,418.7,1161.88,36.17,408.75,2020年7月全国各地区原保险保费收入情况
青   岛,328.27,79.69,174.76,6.06,67.76,2020年7月全国各地区原保险保费收入情况
广   东,2744.1,590.2,1627.65,74.6,451.65,2020年7月全国各地区原保险保费收入情况
深   圳,888.43,208.15,454.5,29.53,196.24,2020年7月全国各地区原保险保费收入情况
海   南,131.71,42.39,61.44,3.86,24.02,2020年7月全国各地区原保险保费收入情况
山   西,645.22,146.35,379.42,12.56,106.89,2020年7月全国各地区原保险保费收入情况
吉   林,498.94,124.71,264.88,9.32,100.03,2020年7月全国各地区原保险保费收入情况
黑龙江,683.94,141.84,383.96,10.55,147.59,2020年7月全国各地区原保险保费收入情况
安   徽,948.67,287.21,479.54,19.66,162.27,2020年7月全国各地区原保险保费收入情况
江   西,631.75,168.31,322.84,13.18,127.42,2020年7月全国各地区原保险保费收入情况
河   南,1684.15,341.84,968.53,30.93,342.85,2020年7月全国各地区原保险保费收入情况
湖   北,1254.7,226.29,775.15,25.21,228.06,2020年7月全国各地区原保险保费收入情况
湖   南,1010.38,246.34,534.73,22.92,206.39,2020年7月全国各地区原保险保费收入情况
重   庆,684.51,137.0,399.22,15.08,133.22,2020年7月全国各地区原保险保费收入情况
四   川,1529.3,322.51,914.74,33.86,258.18,2020年7月全国各地区原保险保费收入情况
贵   州,336.98,137.3,128.26,9.9,61.52,2020年7月全国各地区原保险保费收入情况
云   南,484.38,181.13,196.35,14.37,92.53,2020年7月全国各地区原保险保费收入情况
西   藏,26.54,18.12,3.97,1.47,2.98,2020年7月全国各地区原保险保费收入情况
陕   西,749.25,137.28,483.13,13.61,115.23,2020年7月全国各地区原保险保费收入情况
甘   肃,338.29,93.42,174.68,8.61,61.57,2020年7月全国各地区原保险保费收入情况
青   海,68.02,24.91,30.04,1.76,11.31,2020年7月全国各地区原保险保费收入情况
宁   夏,140.78,42.79,69.12,3.68,25.19,2020年7月全国各地区原保险保费收入情况
新   疆,483.49,172.99,218.64,10.57,81.29,2020年7月全国各地区原保险保费收入情况
内蒙古,496.74,140.62,251.94,9.08,95.09,2020年7月全国各地区原保险保费收入情况
广   西,481.89,133.05,243.47,14.56,90.8,2020年7月全国各地区原保险保费收入情况
全国合计,33246.5,8183.25,18390.72,775.77,5896.75,2020年8月全国各地区原保险保费收入情况
集团、总公司本级,50.64,45.97,0.02,2.08,2.56,2020年8月全国各地区原保险保费收入情况
北   京,1601.73,298.73,923.99,47.36,331.65,2020年8月全国各地区原保险保费收入情况
天   津,489.74,112.39,287.4,15.12,74.83,2020年8月全国各地区原保险保费收入情况
河   北,1537.7,410.5,832.68,26.12,268.4,2020年8月全国各地区原保险保费收入情况
辽   宁,716.98,210.78,373.63,13.65,118.93,2020年8月全国各地区原保险保费收入情况
大   连,265.18,59.53,164.27,4.6,36.78,2020年8月全国各地区原保险保费收入情况
上   海,1285.17,337.85,703.34,50.7,193.27,2020年8月全国各地区原保险保费收入情况
江   苏,3022.03,675.73,1867.79,59.11,419.4,2020年8月全国各地区原保险保费收入情况
浙   江,1799.72,510.57,986.38,40.53,262.23,2020年8月全国各地区原保险保费收入情况
宁   波,273.14,116.51,118.22,6.1,32.32,2020年8月全国各地区原保险保费收入情况
福   建,745.42,176.94,404.31,18.89,145.29,2020年8月全国各地区原保险保费收入情况
厦   门,170.08,51.37,88.5,4.85,25.36,2020年8月全国各地区原保险保费收入情况
山   东,2221.92,476.43,1252.98,40.69,451.82,2020年8月全国各地区原保险保费收入情况
青   岛,363.46,92.51,189.61,6.79,74.56,2020年8月全国各地区原保险保费收入情况
广   东,3037.83,671.67,1778.88,85.22,502.07,2020年8月全国各地区原保险保费收入情况
深   圳,997.27,237.23,502.38,33.35,224.32,2020年8月全国各地区原保险保费收入情况
海   南,148.45,50.76,66.82,4.37,26.5,2020年8月全国各地区原保险保费收入情况
山   西,712.08,165.65,415.68,14.16,116.58,2020年8月全国各地区原保险保费收入情况
吉   林,548.45,140.55,286.75,10.47,110.69,2020年8月全国各地区原保险保费收入情况
黑龙江,749.17,157.33,416.62,11.76,163.46,2020年8月全国各地区原保险保费收入情况
安   徽,1054.63,330.72,523.46,22.16,178.28,2020年8月全国各地区原保险保费收入情况
江   西,690.22,190.03,348.62,14.84,136.73,2020年8月全国各地区原保险保费收入情况
河   南,1866.77,389.06,1064.32,35.03,378.36,2020年8月全国各地区原保险保费收入情况
湖   北,1377.77,257.0,835.6,28.3,256.86,2020年8月全国各地区原保险保费收入情况
湖   南,1117.97,282.31,584.37,25.75,225.54,2020年8月全国各地区原保险保费收入情况
重   庆,752.08,156.79,432.69,17.08,145.52,2020年8月全国各地区原保险保费收入情况
四   川,1687.99,366.05,991.04,37.88,293.02,2020年8月全国各地区原保险保费收入情况
贵   州,376.39,155.72,141.86,11.36,67.46,2020年8月全国各地区原保险保费收入情况
云   南,538.41,205.73,216.06,16.32,100.3,2020年8月全国各地区原保险保费收入情况
西   藏,28.72,19.54,4.34,1.72,3.12,2020年8月全国各地区原保险保费收入情况
陕   西,822.27,156.89,523.25,15.46,126.68,2020年8月全国各地区原保险保费收入情况
甘   肃,367.91,104.49,186.71,9.79,66.91,2020年8月全国各地区原保险保费收入情况
青   海,75.14,28.63,32.21,1.97,12.34,2020年8月全国各地区原保险保费收入情况
宁   夏,156.47,48.62,74.96,4.22,28.67,2020年8月全国各地区原保险保费收入情况
新   疆,517.61,181.95,235.25,11.31,89.09,2020年8月全国各地区原保险保费收入情况
内蒙古,545.19,157.83,272.11,10.2,105.06,2020年8月全国各地区原保险保费收入情况
广   西,534.79,152.9,263.62,16.48,101.79,2020年8月全国各地区原保险保费收入情况
全国合计,36990.39,9222.09,20186.88,915.53,6665.89,2020年9月全国各地区原保险保费收入情况
集团、总公司本级,54.94,49.41,0.02,2.39,3.12,2020年9月全国各地区原保险保费收入情况
北   京,1793.22,341.06,1027.91,54.25,370.0,2020年9月全国各地区原保险保费收入情况
天   津,546.26,127.89,317.13,16.59,84.65,2020年9月全国各地区原保险保费收入情况
河   北,1718.29,461.82,925.89,31.39,299.19,2020年9月全国各地区原保险保费收入情况
辽   宁,797.23,237.13,410.57,15.93,133.6,2020年9月全国各地区原保险保费收入情况
大   连,295.24,68.1,179.56,5.82,41.76,2020年9月全国各地区原保险保费收入情况
上   海,1442.71,380.98,785.14,58.12,218.47,2020年9月全国各地区原保险保费收入情况
江   苏,3324.79,761.51,2021.73,68.17,473.38,2020年9月全国各地区原保险保费收入情况
浙   江,2001.98,579.55,1072.6,48.14,301.68,2020年9月全国各地区原保险保费收入情况
宁   波,307.23,132.34,130.23,7.25,37.4,2020年9月全国各地区原保险保费收入情况
福   建,830.4,199.44,438.45,22.86,169.65,2020年9月全国各地区原保险保费收入情况
厦   门,191.48,57.77,96.88,5.51,31.33,2020年9月全国各地区原保险保费收入情况
山   东,2461.21,535.07,1371.96,48.79,505.39,2020年9月全国各地区原保险保费收入情况
青   岛,410.39,106.74,211.71,8.09,83.85,2020年9月全国各地区原保险保费收入情况
广   东,3389.77,763.36,1966.26,98.33,561.82,2020年9月全国各地区原保险保费收入情况
深   圳,1128.22,268.64,557.88,37.34,264.35,2020年9月全国各地区原保险保费收入情况
海   南,166.38,57.11,74.24,5.1,29.93,2020年9月全国各地区原保险保费收入情况
山   西,789.17,185.31,455.08,16.61,132.18,2020年9月全国各地区原保险保费收入情况
吉   林,602.76,155.27,311.31,12.06,124.12,2020年9月全国各地区原保险保费收入情况
黑龙江,829.13,172.88,456.65,14.2,185.4,2020年9月全国各地区原保险保费收入情况
安   徽,1166.52,371.93,568.66,26.35,199.58,2020年9月全国各地区原保险保费收入情况
江   西,768.47,214.54,381.92,18.89,153.11,2020年9月全国各地区原保险保费收入情况
河   南,2081.85,437.15,1176.19,42.25,426.26,2020年9月全国各地区原保险保费收入情况
湖   北,1514.09,289.96,902.06,33.61,288.45,2020年9月全国各地区原保险保费收入情况
湖   南,1251.19,320.54,645.51,31.11,254.03,2020年9月全国各地区原保险保费收入情况
重   庆,826.58,176.68,468.97,20.55,160.37,2020年9月全国各地区原保险保费收入情况
四   川,1876.78,415.76,1084.21,44.79,332.02,2020年9月全国各地区原保险保费收入情况
贵   州,420.38,175.17,156.33,14.46,74.42,2020年9月全国各地区原保险保费收入情况
云   南,617.22,232.13,241.97,19.77,123.36,2020年9月全国各地区原保险保费收入情况
西   藏,31.42,21.38,4.79,1.95,3.3,2020年9月全国各地区原保险保费收入情况
陕   西,914.95,178.1,574.94,18.77,143.14,2020年9月全国各地区原保险保费收入情况
甘   肃,401.29,115.79,201.28,11.26,72.96,2020年9月全国各地区原保险保费收入情况
青   海,84.71,32.66,35.2,2.45,14.4,2020年9月全国各地区原保险保费收入情况
宁   夏,173.75,54.01,82.26,4.95,32.54,2020年9月全国各地区原保险保费收入情况
新   疆,569.03,197.93,258.52,13.32,99.26,2020年9月全国各地区原保险保费收入情况
内蒙古,612.86,174.58,306.07,12.05,120.16,2020年9月全国各地区原保险保费收入情况
广   西,598.52,172.42,286.8,22.07,117.24,2020年9月全国各地区原保险保费收入情况
全国合计,39053.25,9632.11,20943.64,1041.86,7435.64,2021年10月全国各地区原保险保费收入情况
集团、总公司本级,30.29,24.48,0.03,2.84,2.94,2021年10月全国各地区原保险保费收入情况
北   京,2124.19,364.16,1250.98,55.26,453.78,2021年10月全国各地区原保险保费收入情况
天   津,569.61,127.86,325.96,15.4,100.39,2021年10月全国各地区原保险保费收入情况
河   北,1755.76,449.83,942.65,37.53,325.75,2021年10月全国各地区原保险保费收入情况
辽   宁,851.37,238.69,441.33,17.75,153.6,2021年10月全国各地区原保险保费收入情况
大   连,325.57,69.19,200.89,6.52,48.97,2021年10月全国各地区原保险保费收入情况
上   海,1661.32,438.22,884.86,65.29,272.95,2021年10月全国各地区原保险保费收入情况
江   苏,3554.2,821.53,2117.82,81.0,533.86,2021年10月全国各地区原保险保费收入情况
浙   江,2149.94,602.95,1153.24,53.77,339.97,2021年10月全国各地区原保险保费收入情况
宁   波,322.64,144.66,131.81,9.63,36.54,2021年10月全国各地区原保险保费收入情况
福   建,915.42,210.11,482.22,25.69,197.39,2021年10月全国各地区原保险保费收入情况
厦   门,209.1,57.74,108.02,6.0,37.34,2021年10月全国各地区原保险保费收入情况
山   东,2464.5,558.11,1306.49,59.49,540.42,2021年10月全国各地区原保险保费收入情况
青   岛,400.95,119.06,185.72,9.52,86.65,2021年10月全国各地区原保险保费收入情况
广   东,3589.8,823.65,2026.47,118.03,621.65,2021年10月全国各地区原保险保费收入情况
深   圳,1200.67,307.01,543.3,38.32,312.05,2021年10月全国各地区原保险保费收入情况
海   南,168.04,60.5,70.42,5.2,31.92,2021年10月全国各地区原保险保费收入情况
山   西,872.67,190.89,513.76,18.68,149.35,2021年10月全国各地区原保险保费收入情况
吉   林,604.78,146.16,313.72,13.6,131.3,2021年10月全国各地区原保险保费收入情况
黑龙江,872.9,173.77,485.18,14.76,199.2,2021年10月全国各地区原保险保费收入情况
安   徽,1198.74,361.98,581.39,32.37,223.0,2021年10月全国各地区原保险保费收入情况
江   西,803.62,218.08,402.91,21.88,160.76,2021年10月全国各地区原保险保费收入情况
河   南,2087.55,452.43,1147.29,45.3,442.53,2021年10月全国各地区原保险保费收入情况
湖   北,1656.39,320.28,967.54,37.51,331.06,2021年10月全国各地区原保险保费收入情况
湖   南,1320.16,318.93,671.6,35.07,294.56,2021年10月全国各地区原保险保费收入情况
重   庆,854.13,175.62,473.23,22.71,182.56,2021年10月全国各地区原保险保费收入情况
四   川,1942.13,454.58,1071.12,51.92,364.5,2021年10月全国各地区原保险保费收入情况
贵   州,431.05,178.09,161.68,17.82,73.45,2021年10月全国各地区原保险保费收入情况
云   南,598.76,216.07,226.89,24.34,131.46,2021年10月全国各地区原保险保费收入情况
西   藏,34.57,23.3,5.14,2.49,3.64,2021年10月全国各地区原保险保费收入情况
陕   西,914.11,210.5,533.74,20.58,149.29,2021年10月全国各地区原保险保费收入情况
甘   肃,424.71,111.0,223.1,12.39,78.22,2021年10月全国各地区原保险保费收入情况
青   海,93.22,36.81,38.23,2.95,15.24,2021年10月全国各地区原保险保费收入情况
宁   夏,185.88,54.87,91.52,6.11,33.38,2021年10月全国各地区原保险保费收入情况
新   疆,607.95,200.54,275.09,15.73,116.59,2021年10月全国各地区原保险保费收入情况
内蒙古,568.56,175.28,272.58,13.52,107.18,2021年10月全国各地区原保险保费收入情况
广   西,687.99,195.18,315.73,24.9,152.19,2021年10月全国各地区原保险保费收入情况
全国合计,10093.69,1277.88,7481.16,128.59,1206.07,2021年1月全国各地区原保险保费收入情况
集团、总公司本级,3.46,2.05,0.0,0.35,1.06,2021年1月全国各地区原保险保费收入情况
北   京,508.97,53.08,345.52,7.92,102.45,2021年1月全国各地区原保险保费收入情况
天   津,143.39,17.74,108.69,1.69,15.27,2021年1月全国各地区原保险保费收入情况
河   北,423.68,54.64,312.56,3.57,52.91,2021年1月全国各地区原保险保费收入情况
辽   宁,205.52,26.46,151.93,2.09,25.05,2021年1月全国各地区原保险保费收入情况
大   连,78.13,8.39,61.27,0.71,7.77,2021年1月全国各地区原保险保费收入情况
上   海,342.58,69.35,212.3,9.0,51.94,2021年1月全国各地区原保险保费收入情况
江   苏,962.67,109.05,762.43,9.52,81.67,2021年1月全国各地区原保险保费收入情况
浙   江,544.21,78.03,409.52,6.5,50.16,2021年1月全国各地区原保险保费收入情况
宁   波,78.97,19.72,53.11,1.0,5.14,2021年1月全国各地区原保险保费收入情况
福   建,246.46,29.1,186.95,2.99,27.42,2021年1月全国各地区原保险保费收入情况
厦   门,50.39,7.54,37.27,0.65,4.92,2021年1月全国各地区原保险保费收入情况
山   东,655.31,77.44,496.22,6.42,75.23,2021年1月全国各地区原保险保费收入情况
青   岛,107.22,17.62,75.18,1.25,13.16,2021年1月全国各地区原保险保费收入情况
广   东,903.23,115.48,657.2,15.51,115.04,2021年1月全国各地区原保险保费收入情况
深   圳,255.07,40.98,169.65,5.08,39.36,2021年1月全国各地区原保险保费收入情况
海   南,41.12,8.09,27.81,0.6,4.62,2021年1月全国各地区原保险保费收入情况
山   西,230.36,22.61,183.03,2.46,22.27,2021年1月全国各地区原保险保费收入情况
吉   林,168.24,18.17,128.06,2.11,19.89,2021年1月全国各地区原保险保费收入情况
黑龙江,232.33,16.6,183.44,1.9,30.4,2021年1月全国各地区原保险保费收入情况
安   徽,319.98,48.11,237.74,4.62,29.51,2021年1月全国各地区原保险保费收入情况
江   西,213.71,27.85,165.78,2.29,17.79,2021年1月全国各地区原保险保费收入情况
河   南,561.62,67.87,429.2,5.25,59.31,2021年1月全国各地区原保险保费收入情况
湖   北,479.97,41.35,379.14,5.36,54.11,2021年1月全国各地区原保险保费收入情况
湖   南,343.9,40.49,256.19,4.48,42.75,2021年1月全国各地区原保险保费收入情况
重   庆,237.19,24.51,174.98,2.82,34.88,2021年1月全国各地区原保险保费收入情况
四   川,509.28,60.81,385.74,6.61,56.12,2021年1月全国各地区原保险保费收入情况
贵   州,107.07,28.48,57.18,1.92,19.49,2021年1月全国各地区原保险保费收入情况
云   南,161.26,30.09,96.97,2.67,31.54,2021年1月全国各地区原保险保费收入情况
西   藏,5.25,1.96,2.46,0.17,0.67,2021年1月全国各地区原保险保费收入情况
陕   西,288.5,27.94,228.33,2.48,29.74,2021年1月全国各地区原保险保费收入情况
甘   肃,132.34,13.5,98.52,1.39,18.94,2021年1月全国各地区原保险保费收入情况
青   海,27.23,5.33,17.24,0.29,4.37,2021年1月全国各地区原保险保费收入情况
宁   夏,49.09,5.89,37.95,0.71,4.54,2021年1月全国各地区原保险保费收入情况
新   疆,150.31,16.42,113.15,1.72,19.02,2021年1月全国各地区原保险保费收入情况
内蒙古,162.75,18.61,118.72,1.5,23.91,2021年1月全国各地区原保险保费收入情况
广   西,162.92,26.53,119.74,3.0,13.65,2021年1月全国各地区原保险保费收入情况
全国合计,13229.88,1870.51,9232.3,193.22,1933.85,2021年2月全国各地区原保险保费收入情况
集团、总公司本级,5.92,2.81,0.01,0.62,2.48,2021年2月全国各地区原保险保费收入情况
北   京,656.16,74.15,426.73,11.29,143.98,2021年2月全国各地区原保险保费收入情况
天   津,184.62,26.22,132.21,2.68,23.52,2021年2月全国各地区原保险保费收入情况
河   北,557.72,82.15,383.42,5.49,86.66,2021年2月全国各地区原保险保费收入情况
辽   宁,261.32,38.84,180.85,3.1,38.52,2021年2月全国各地区原保险保费收入情况
大   连,103.03,12.33,76.59,1.06,13.05,2021年2月全国各地区原保险保费收入情况
上   海,470.45,103.63,279.22,13.72,73.89,2021年2月全国各地区原保险保费收入情况
江   苏,1334.85,163.54,1021.66,14.84,134.82,2021年2月全国各地区原保险保费收入情况
浙   江,691.53,113.89,494.65,9.38,73.6,2021年2月全国各地区原保险保费收入情况
宁   波,98.59,27.58,61.65,1.56,7.8,2021年2月全国各地区原保险保费收入情况
福   建,313.04,41.27,221.83,4.57,45.38,2021年2月全国各地区原保险保费收入情况
厦   门,64.35,10.97,44.32,1.03,8.02,2021年2月全国各地区原保险保费收入情况
山   东,840.17,114.82,593.45,9.86,122.04,2021年2月全国各地区原保险保费收入情况
青   岛,133.78,24.43,88.72,1.79,18.84,2021年2月全国各地区原保险保费收入情况
广   东,1147.45,161.15,795.85,22.24,168.2,2021年2月全国各地区原保险保费收入情况
深   圳,339.19,56.65,205.8,7.43,69.31,2021年2月全国各地区原保险保费收入情况
海   南,56.09,10.63,32.92,0.96,11.57,2021年2月全国各地区原保险保费收入情况
山   西,283.21,32.68,209.2,3.5,37.84,2021年2月全国各地区原保险保费收入情况
吉   林,209.14,25.33,151.07,3.01,29.73,2021年2月全国各地区原保险保费收入情况
黑龙江,287.15,22.46,213.91,2.89,47.89,2021年2月全国各地区原保险保费收入情况
安   徽,446.33,74.07,306.91,6.93,58.4,2021年2月全国各地区原保险保费收入情况
江   西,282.07,40.33,211.14,3.56,27.03,2021年2月全国各地区原保险保费收入情况
河   南,801.98,100.34,544.79,8.04,148.81,2021年2月全国各地区原保险保费收入情况
湖   北,614.17,70.98,453.73,7.96,81.5,2021年2月全国各地区原保险保费收入情况
湖   南,448.69,58.16,313.33,6.91,70.3,2021年2月全国各地区原保险保费收入情况
重   庆,335.36,35.84,225.0,4.38,70.15,2021年2月全国各地区原保险保费收入情况
四   川,713.38,91.34,522.56,10.22,89.25,2021年2月全国各地区原保险保费收入情况
贵   州,143.63,41.37,69.54,3.09,29.64,2021年2月全国各地区原保险保费收入情况
云   南,205.65,43.82,114.45,4.2,43.18,2021年2月全国各地区原保险保费收入情况
西   藏,6.46,2.91,2.57,0.23,0.76,2021年2月全国各地区原保险保费收入情况
陕   西,349.97,39.22,266.08,3.8,40.87,2021年2月全国各地区原保险保费收入情况
甘   肃,155.47,19.0,111.55,2.13,22.79,2021年2月全国各地区原保险保费收入情况
青   海,31.55,6.96,18.98,0.44,5.17,2021年2月全国各地区原保险保费收入情况
宁   夏,60.98,9.51,43.57,1.07,6.84,2021年2月全国各地区原保险保费收入情况
新   疆,188.29,26.91,130.74,2.66,27.98,2021年2月全国各地区原保险保费收入情况
内蒙古,196.74,25.9,136.79,2.3,31.75,2021年2月全国各地区原保险保费收入情况
广   西,211.41,38.34,146.52,4.27,22.28,2021年2月全国各地区原保险保费收入情况
全国合计,17995.17,2969.23,11635.69,324.31,3065.95,2021年3月全国各地区原保险保费收入情况
集团、总公司本级,11.67,8.3,0.01,0.73,2.63,2021年3月全国各地区原保险保费收入情况
北   京,874.9,115.66,553.18,15.65,190.42,2021年3月全国各地区原保险保费收入情况
天   津,251.71,41.41,167.03,5.34,37.93,2021年3月全国各地区原保险保费收入情况
河   北,787.99,138.34,500.28,10.02,139.36,2021年3月全国各地区原保险保费收入情况
辽   宁,362.21,66.76,227.19,5.41,62.84,2021年3月全国各地区原保险保费收入情况
大   连,137.34,21.11,96.19,1.83,18.22,2021年3月全国各地区原保险保费收入情况
上   海,656.87,150.79,384.36,22.05,99.66,2021年3月全国各地区原保险保费收入情况
江   苏,1788.02,263.22,1283.14,26.62,215.04,2021年3月全国各地区原保险保费收入情况
浙   江,944.36,180.42,615.51,16.28,132.15,2021年3月全国各地区原保险保费收入情况
宁   波,138.47,43.71,77.64,2.84,14.28,2021年3月全国各地区原保险保费收入情况
福   建,415.03,65.13,266.35,7.66,75.89,2021年3月全国各地区原保险保费收入情况
厦   门,88.35,17.45,55.79,1.75,13.36,2021年3月全国各地区原保险保费收入情况
山   东,1180.61,176.79,764.03,17.52,222.26,2021年3月全国各地区原保险保费收入情况
青   岛,184.01,37.89,114.0,2.92,29.21,2021年3月全国各地区原保险保费收入情况
广   东,1576.63,252.37,1034.78,35.72,253.76,2021年3月全国各地区原保险保费收入情况
深   圳,487.43,90.55,273.64,12.51,110.73,2021年3月全国各地区原保险保费收入情况
海   南,74.35,17.33,41.38,1.55,14.09,2021年3月全国各地区原保险保费收入情况
山   西,393.17,57.58,261.18,5.91,68.5,2021年3月全国各地区原保险保费收入情况
吉   林,290.41,39.82,187.17,4.7,58.72,2021年3月全国各地区原保险保费收入情况
黑龙江,384.02,38.42,263.62,4.79,77.2,2021年3月全国各地区原保险保费收入情况
安   徽,613.08,114.18,379.68,11.11,108.1,2021年3月全国各地区原保险保费收入情况
江   西,385.78,65.91,258.76,6.89,54.22,2021年3月全国各地区原保险保费收入情况
河   南,1064.38,151.85,690.46,14.17,207.91,2021年3月全国各地区原保险保费收入情况
湖   北,787.02,100.94,543.54,12.27,130.27,2021年3月全国各地区原保险保费收入情况
湖   南,621.01,92.2,388.02,12.5,128.29,2021年3月全国各地区原保险保费收入情况
重   庆,425.37,54.82,268.43,6.98,95.15,2021年3月全国各地区原保险保费收入情况
四   川,956.46,142.74,654.56,16.97,142.19,2021年3月全国各地区原保险保费收入情况
贵   州,194.72,62.24,86.33,5.32,40.84,2021年3月全国各地区原保险保费收入情况
云   南,284.83,66.84,143.11,7.38,67.51,2021年3月全国各地区原保险保费收入情况
西   藏,15.09,8.78,3.01,0.51,2.79,2021年3月全国各地区原保险保费收入情况
陕   西,461.79,63.46,329.02,6.28,63.04,2021年3月全国各地区原保险保费收入情况
甘   肃,205.42,33.76,134.92,3.77,32.97,2021年3月全国各地区原保险保费收入情况
青   海,41.14,10.6,22.84,0.86,6.85,2021年3月全国各地区原保险保费收入情况
宁   夏,82.78,16.07,52.46,1.82,12.43,2021年3月全国各地区原保险保费收入情况
新   疆,267.65,55.44,159.11,4.8,48.3,2021年3月全国各地区原保险保费收入情况
内蒙古,272.34,42.73,175.57,4.08,49.96,2021年3月全国各地区原保险保费收入情况
广   西,288.76,63.64,179.39,6.83,38.9,2021年3月全国各地区原保险保费收入情况
全国合计,21169.03,3959.59,13002.82,428.61,3778.01,2021年4月全国各地区原保险保费收入情况
集团、总公司本级,13.46,10.1,0.01,0.99,2.36,2021年4月全国各地区原保险保费收入情况
北   京,1049.87,151.27,649.42,20.45,228.74,2021年4月全国各地区原保险保费收入情况
天   津,300.62,55.21,189.63,6.89,48.89,2021年4月全国各地区原保险保费收入情况
河   北,935.45,186.63,565.36,13.7,169.77,2021年4月全国各地区原保险保费收入情况
辽   宁,427.62,89.61,254.41,7.24,76.37,2021年4月全国各地区原保险保费收入情况
大   连,163.3,28.62,109.63,2.44,22.61,2021年4月全国各地区原保险保费收入情况
上   海,810.76,191.62,464.75,29.16,125.23,2021年4月全国各地区原保险保费收入情况
江   苏,2054.38,347.93,1402.75,35.02,268.68,2021年4月全国各地区原保险保费收入情况
浙   江,1115.36,242.37,684.04,21.92,167.02,2021年4月全国各地区原保险保费收入情况
宁   波,164.73,58.11,85.58,3.88,17.16,2021年4月全国各地区原保险保费收入情况
福   建,482.47,88.64,293.1,10.08,90.65,2021年4月全国各地区原保险保费收入情况
厦   门,105.58,23.96,62.23,2.41,16.97,2021年4月全国各地区原保险保费收入情况
山   东,1390.2,233.26,848.71,23.24,285.0,2021年4月全国各地区原保险保费收入情况
青   岛,220.04,49.5,129.49,3.77,37.28,2021年4月全国各地区原保险保费收入情况
广   东,1875.66,333.3,1184.77,48.45,309.14,2021年4月全国各地区原保险保费收入情况
深   圳,600.63,123.36,320.21,16.39,140.67,2021年4月全国各地区原保险保费收入情况
海   南,88.38,23.45,46.83,2.03,16.07,2021年4月全国各地区原保险保费收入情况
山   西,455.79,77.3,289.81,7.73,80.96,2021年4月全国各地区原保险保费收入情况
吉   林,334.26,53.15,205.46,6.17,69.49,2021年4月全国各地区原保险保费收入情况
黑龙江,448.55,54.29,292.32,6.36,95.57,2021年4月全国各地区原保险保费收入情况
安   徽,705.79,149.08,417.01,14.38,125.32,2021年4月全国各地区原保险保费收入情况
江   西,448.52,86.28,282.6,8.81,70.83,2021年4月全国各地区原保险保费收入情况
河   南,1220.73,195.61,764.05,18.58,242.5,2021年4月全国各地区原保险保费收入情况
湖   北,920.31,132.92,602.74,16.09,168.55,2021年4月全国各地区原保险保费收入情况
湖   南,733.22,125.19,428.6,15.87,163.56,2021年4月全国各地区原保险保费收入情况
重   庆,485.02,73.24,295.18,9.18,107.42,2021年4月全国各地区原保险保费收入情况
四   川,1113.8,189.12,720.33,21.95,182.4,2021年4月全国各地区原保险保费收入情况
贵   州,226.22,78.74,94.57,6.77,46.14,2021年4月全国各地区原保险保费收入情况
云   南,330.89,87.2,158.28,9.62,75.79,2021年4月全国各地区原保险保费收入情况
西   藏,17.76,10.77,3.3,0.75,2.94,2021年4月全国各地区原保险保费收入情况
陕   西,537.0,86.97,366.69,8.26,75.08,2021年4月全国各地区原保险保费收入情况
甘   肃,234.71,45.06,146.3,5.1,38.25,2021年4月全国各地区原保险保费收入情况
青   海,47.69,13.86,24.76,1.18,7.89,2021年4月全国各地区原保险保费收入情况
宁   夏,96.64,21.58,57.42,2.42,15.21,2021年4月全国各地区原保险保费收入情况
新   疆,341.59,101.1,173.79,6.93,59.78,2021年4月全国各地区原保险保费收入情况
内蒙古,319.13,58.57,194.18,5.6,60.79,2021年4月全国各地区原保险保费收入情况
广   西,352.89,82.63,194.51,8.83,66.92,2021年4月全国各地区原保险保费收入情况
全国合计,24333.51,4903.66,14476.33,526.96,4426.56,2021年5月全国各地区原保险保费收入情况
集团、总公司本级,17.05,11.43,0.02,1.25,4.36,2021年5月全国各地区原保险保费收入情况
北   京,1223.31,186.53,745.53,26.49,264.76,2021年5月全国各地区原保险保费收入情况
天   津,348.96,67.84,214.6,8.46,58.06,2021年5月全国各地区原保险保费收入情况
河   北,1090.27,231.43,644.05,17.28,197.5,2021年5月全国各地区原保险保费收入情况
辽   宁,497.15,112.31,284.01,8.89,91.93,2021年5月全国各地区原保险保费收入情况
大   连,189.64,35.73,123.73,3.03,27.16,2021年5月全国各地区原保险保费收入情况
上   海,952.71,229.72,539.63,35.58,147.78,2021年5月全国各地区原保险保费收入情况
江   苏,2320.15,428.61,1530.84,42.9,317.8,2021年5月全国各地区原保险保费收入情况
浙   江,1283.8,301.99,759.77,26.89,195.16,2021年5月全国各地区原保险保费收入情况
宁   波,194.64,72.62,96.41,4.87,20.75,2021年5月全国各地区原保险保费收入情况
福   建,551.38,110.12,323.47,12.47,105.31,2021年5月全国各地区原保险保费收入情况
厦   门,123.18,29.66,68.92,3.14,21.46,2021年5月全国各地区原保险保费收入情况
山   东,1594.38,287.66,942.68,29.21,334.84,2021年5月全国各地区原保险保费收入情况
青   岛,254.15,60.99,144.71,4.62,43.84,2021年5月全国各地区原保险保费收入情况
广   东,2175.98,415.79,1335.19,60.43,364.57,2021年5月全国各地区原保险保费收入情况
深   圳,712.81,154.46,367.86,20.0,170.5,2021年5月全国各地区原保险保费收入情况
海   南,102.53,29.5,52.3,2.52,18.22,2021年5月全国各地区原保险保费收入情况
山   西,523.5,96.47,323.4,9.49,94.14,2021年5月全国各地区原保险保费收入情况
吉   林,379.45,64.91,227.27,7.5,79.76,2021年5月全国各地区原保险保费收入情况
黑龙江,515.55,69.32,325.92,7.78,112.53,2021年5月全国各地区原保险保费收入情况
安   徽,807.34,183.14,465.61,17.4,141.19,2021年5月全国各地区原保险保费收入情况
江   西,517.03,109.19,309.11,10.51,88.21,2021年5月全国各地区原保险保费收入情况
河   南,1386.96,237.37,847.89,22.4,279.3,2021年5月全国各地区原保险保费收入情况
湖   北,1041.77,165.65,662.09,19.71,194.32,2021年5月全国各地区原保险保费收入情况
湖   南,842.55,159.34,476.96,18.92,187.33,2021年5月全国各地区原保险保费收入情况
重   庆,545.61,90.69,324.77,11.13,119.01,2021年5月全国各地区原保险保费收入情况
四   川,1264.46,234.29,786.99,26.46,216.72,2021年5月全国各地区原保险保费收入情况
贵   州,258.7,94.55,104.86,8.19,51.11,2021年5月全国各地区原保险保费收入情况
云   南,380.46,107.48,174.6,11.7,86.69,2021年5月全国各地区原保险保费收入情况
西   藏,20.18,12.64,3.6,0.89,3.06,2021年5月全国各地区原保险保费收入情况
陕   西,610.05,108.3,404.9,9.98,86.87,2021年5月全国各地区原保险保费收入情况
甘   肃,267.8,58.04,159.99,6.36,43.41,2021年5月全国各地区原保险保费收入情况
青   海,54.18,17.41,26.41,1.46,8.9,2021年5月全国各地区原保险保费收入情况
宁   夏,111.74,28.1,62.23,2.98,18.44,2021年5月全国各地区原保险保费收入情况
新   疆,391.13,125.52,188.8,8.35,68.47,2021年5月全国各地区原保险保费收入情况
内蒙古,365.91,73.01,214.7,6.88,71.32,2021年5月全国各地区原保险保费收入情况
广   西,417.02,101.86,212.53,10.82,91.81,2021年5月全国各地区原保险保费收入情况
全国合计,27098.89,6028.7,15300.93,633.22,5136.04,2021年6月全国各地区原保险保费收入情况
集团、总公司本级,20.73,14.51,0.02,1.54,4.66,2021年6月全国各地区原保险保费收入情况
北   京,1381.43,227.83,811.09,37.76,304.76,2021年6月全国各地区原保险保费收入情况
天   津,394.79,82.35,234.09,9.96,68.39,2021年6月全国各地区原保险保费收入情况
河   北,1195.9,277.09,666.66,21.35,230.82,2021年6月全国各地区原保险保费收入情况
辽   宁,593.42,147.44,326.37,10.78,108.83,2021年6月全国各地区原保险保费收入情况
大   连,221.31,43.51,141.59,3.63,32.59,2021年6月全国各地区原保险保费收入情况
上   海,1083.77,277.99,589.58,42.1,174.08,2021年6月全国各地区原保险保费收入情况
江   苏,2549.3,511.9,1619.34,50.91,367.18,2021年6月全国各地区原保险保费收入情况
浙   江,1468.58,361.16,845.96,31.92,229.55,2021年6月全国各地区原保险保费收入情况
宁   波,215.59,87.4,98.84,5.79,23.57,2021年6月全国各地区原保险保费收入情况
福   建,638.55,130.53,364.32,15.02,128.68,2021年6月全国各地区原保险保费收入情况
厦   门,144.58,36.07,78.57,3.74,26.2,2021年6月全国各地区原保险保费收入情况
山   东,1710.31,340.64,961.49,35.61,372.59,2021年6月全国各地区原保险保费收入情况
青   岛,269.7,74.04,130.18,5.48,59.99,2021年6月全国各地区原保险保费收入情况
广   东,2415.19,502.04,1417.27,72.46,423.42,2021年6月全国各地区原保险保费收入情况
深   圳,792.41,190.29,376.26,23.74,202.13,2021年6月全国各地区原保险保费收入情况
海   南,107.79,36.24,49.28,2.93,19.32,2021年6月全国各地区原保险保费收入情况
山   西,616.02,121.09,372.01,11.53,111.39,2021年6月全国各地区原保险保费收入情况
吉   林,425.67,87.68,238.3,8.79,90.93,2021年6月全国各地区原保险保费收入情况
黑龙江,627.41,122.25,361.46,9.04,134.67,2021年6月全国各地区原保险保费收入情况
安   徽,850.52,222.27,441.81,20.21,166.23,2021年6月全国各地区原保险保费收入情况
江   西,570.66,137.81,309.27,12.43,111.15,2021年6月全国各地区原保险保费收入情况
河   南,1472.1,288.94,841.37,26.69,315.11,2021年6月全国各地区原保险保费收入情况
湖   北,1198.3,207.41,738.69,23.5,228.7,2021年6月全国各地区原保险保费收入情况
湖   南,936.54,200.39,502.48,21.73,211.93,2021年6月全国各地区原保险保费收入情况
重   庆,620.17,110.69,362.35,13.22,133.89,2021年6月全国各地区原保险保费收入情况
四   川,1372.67,286.0,806.21,31.13,249.33,2021年6月全国各地区原保险保费收入情况
贵   州,296.22,113.06,118.27,9.58,55.31,2021年6月全国各地区原保险保费收入情况
云   南,410.87,133.56,166.37,13.71,97.24,2021年6月全国各地区原保险保费收入情况
西   藏,24.26,15.71,4.02,1.25,3.28,2021年6月全国各地区原保险保费收入情况
陕   西,642.2,131.75,397.57,11.88,100.99,2021年6月全国各地区原保险保费收入情况
甘   肃,309.65,74.24,177.93,7.65,49.83,2021年6月全国各地区原保险保费收入情况
青   海,64.5,22.83,29.24,1.79,10.65,2021年6月全国各地区原保险保费收入情况
宁   夏,130.78,35.76,69.05,3.64,22.34,2021年6月全国各地区原保险保费收入情况
新   疆,446.71,145.7,210.56,9.76,80.69,2021年6月全国各地区原保险保费收入情况
内蒙古,390.93,106.45,204.09,8.11,72.29,2021年6月全国各地区原保险保费收入情况
广   西,489.32,124.09,239.01,12.88,113.35,2021年6月全国各地区原保险保费收入情况
全国合计,29964.42,6922.1,16600.98,724.03,5717.3,2021年7月全国各地区原保险保费收入情况
集团、总公司本级,25.89,18.04,0.03,1.85,5.97,2021年7月全国各地区原保险保费收入情况
北   京,1577.76,261.08,915.05,42.17,359.47,2021年7月全国各地区原保险保费收入情况
天   津,438.51,93.37,255.07,11.5,78.56,2021年7月全国各地区原保险保费收入情况
河   北,1328.1,314.23,735.35,24.55,253.96,2021年7月全国各地区原保险保费收入情况
辽   宁,660.5,175.31,353.67,12.32,119.2,2021年7月全国各地区原保险保费收入情况
大   连,245.02,49.25,155.05,4.03,36.69,2021年7月全国各地区原保险保费收入情况
上   海,1233.3,317.43,663.66,48.69,203.53,2021年7月全国各地区原保险保费收入情况
江   苏,2795.48,588.57,1742.31,58.1,406.5,2021年7月全国各地区原保险保费收入情况
浙   江,1631.13,419.3,918.5,36.71,256.62,2021年7月全国各地区原保险保费收入情况
宁   波,240.67,101.6,106.04,6.61,26.43,2021年7月全国各地区原保险保费收入情况
福   建,700.64,149.11,390.84,17.17,143.52,2021年7月全国各地区原保险保费收入情况
厦   门,161.15,41.98,84.66,4.29,30.22,2021年7月全国各地区原保险保费收入情况
山   东,1889.47,395.41,1041.05,40.69,412.32,2021年7月全国各地区原保险保费收入情况
青   岛,299.89,84.79,142.05,6.2,66.84,2021年7月全国各地区原保险保费收入情况
广   东,2705.37,578.16,1567.28,83.6,476.33,2021年7月全国各地区原保险保费收入情况
深   圳,892.59,219.35,414.96,27.67,230.61,2021年7月全国各地区原保险保费收入情况
海   南,120.88,42.32,53.87,3.4,21.29,2021年7月全国各地区原保险保费收入情况
山   西,673.66,138.21,402.76,13.13,119.55,2021年7月全国各地区原保险保费收入情况
吉   林,470.57,105.82,255.11,10.04,99.61,2021年7月全国各地区原保险保费收入情况
黑龙江,689.26,138.75,391.04,10.21,149.27,2021年7月全国各地区原保险保费收入情况
安   徽,936.06,259.1,475.0,22.92,179.04,2021年7月全国各地区原保险保费收入情况
江   西,622.72,156.19,328.24,14.08,124.21,2021年7月全国各地区原保险保费收入情况
河   南,1611.03,327.37,908.46,30.37,344.84,2021年7月全国各地区原保险保费收入情况
湖   北,1302.89,235.03,790.95,26.69,250.23,2021年7月全国各地区原保险保费收入情况
湖   南,1020.52,227.62,537.13,24.7,231.07,2021年7月全国各地区原保险保费收入情况
重   庆,675.61,127.4,387.82,15.16,145.23,2021年7月全国各地区原保险保费收入情况
四   川,1503.18,327.67,861.46,35.32,278.73,2021年7月全国各地区原保险保费收入情况
贵   州,324.48,128.72,126.24,10.96,58.56,2021年7月全国各地区原保险保费收入情况
云   南,451.32,153.75,177.39,15.73,104.45,2021年7月全国各地区原保险保费收入情况
西   藏,26.19,17.07,4.23,1.45,3.44,2021年7月全国各地区原保险保费收入情况
陕   西,703.04,150.28,428.59,13.83,110.35,2021年7月全国各地区原保险保费收入情况
甘   肃,342.38,83.87,187.1,8.87,62.54,2021年7月全国各地区原保险保费收入情况
青   海,70.7,25.95,30.95,2.07,11.72,2021年7月全国各地区原保险保费收入情况
宁   夏,143.01,40.46,73.47,4.15,24.93,2021年7月全国各地区原保险保费收入情况
新   疆,481.24,158.83,222.44,10.9,89.06,2021年7月全国各地区原保险保费收入情况
内蒙古,437.18,129.38,218.43,9.24,80.12,2021年7月全国各地区原保险保费收入情况
广   西,533.03,141.34,254.71,14.68,122.3,2021年7月全国各地区原保险保费收入情况
全国合计,33024.49,7806.07,18102.8,813.05,6302.57,2021年8月全国各地区原保险保费收入情况
集团、总公司本级,29.74,22.01,0.03,2.16,5.54,2021年8月全国各地区原保险保费收入情况
北   京,1760.8,296.17,1023.88,46.37,394.38,2021年8月全国各地区原保险保费收入情况
天   津,484.59,104.92,280.36,12.84,86.47,2021年8月全国各地区原保险保费收入情况
河   北,1479.78,359.18,814.01,27.83,278.76,2021年8月全国各地区原保险保费收入情况
辽   宁,724.41,195.86,383.8,13.85,130.9,2021年8月全国各地区原保险保费收入情况
大   连,271.42,55.37,170.42,4.55,41.08,2021年8月全国各地区原保险保费收入情况
上   海,1377.78,356.34,739.45,54.34,227.66,2021年8月全国各地区原保险保费收入情况
江   苏,3058.26,665.82,1874.0,65.04,453.39,2021年8月全国各地区原保险保费收入情况
浙   江,1808.37,479.5,1002.65,41.46,284.75,2021年8月全国各地区原保险保费收入情况
宁   波,268.81,115.93,115.94,7.44,29.51,2021年8月全国各地区原保险保费收入情况
福   建,769.99,168.25,423.63,19.52,158.58,2021年8月全国各地区原保险保费收入情况
厦   门,180.18,47.55,93.8,4.87,33.96,2021年8月全国各地区原保险保费收入情况
山   东,2081.99,451.51,1131.0,45.75,453.73,2021年8月全国各地区原保险保费收入情况
青   岛,332.44,96.1,155.93,6.99,73.43,2021年8月全国各地区原保险保费收入情况
广   东,3004.33,655.04,1727.61,95.0,526.68,2021年8月全国各地区原保险保费收入情况
深   圳,998.75,247.35,460.78,31.61,259.0,2021年8月全国各地区原保险保费收入情况
海   南,136.99,49.97,59.72,3.85,23.45,2021年8月全国各地区原保险保费收入情况
山   西,741.99,155.25,443.01,14.71,129.02,2021年8月全国各地区原保险保费收入情况
吉   林,520.39,122.87,276.73,11.21,109.58,2021年8月全国各地区原保险保费收入情况
黑龙江,751.25,151.63,423.4,11.36,164.86,2021年8月全国各地区原保险保费收入情况
安   徽,1028.87,292.89,515.44,25.68,194.86,2021年8月全国各地区原保险保费收入情况
江   西,680.82,174.57,353.28,15.7,137.27,2021年8月全国各地区原保险保费收入情况
河   南,1765.13,365.51,988.03,33.94,377.64,2021年8月全国各地区原保险保费收入情况
湖   北,1418.52,260.38,851.44,29.56,277.14,2021年8月全国各地区原保险保费收入情况
湖   南,1120.51,258.08,583.96,27.31,251.17,2021年8月全国各地区原保险保费收入情况
重   庆,734.57,143.11,417.07,17.0,157.4,2021年8月全国各地区原保险保费收入情况
四   川,1651.29,368.06,931.67,39.33,312.23,2021年8月全国各地区原保险保费收入情况
贵   州,360.54,144.73,138.48,12.42,64.91,2021年8月全国各地区原保险保费收入情况
云   南,496.49,172.97,194.14,17.74,111.65,2021年8月全国各地区原保险保费收入情况
西   藏,29.16,19.49,4.53,1.69,3.45,2021年8月全国各地区原保险保费收入情况
陕   西,770.52,168.78,462.8,15.75,123.2,2021年8月全国各地区原保险保费收入情况
甘   肃,369.42,92.53,199.13,10.0,67.76,2021年8月全国各地区原保险保费收入情况
青   海,77.76,29.64,33.14,2.3,12.67,2021年8月全国各地区原保险保费收入情况
宁   夏,157.43,45.46,79.43,4.88,27.67,2021年8月全国各地区原保险保费收入情况
新   疆,521.59,170.9,238.92,12.07,99.7,2021年8月全国各地区原保险保费收入情况
内蒙古,478.31,144.1,235.28,10.43,88.49,2021年8月全国各地区原保险保费收入情况
广   西,581.31,158.26,275.89,16.52,130.63,2021年8月全国各地区原保险保费收入情况
全国合计,36514.29,8781.7,19791.25,955.39,6985.96,2021年9月全国各地区原保险保费收入情况
集团、总公司本级,29.91,23.54,0.03,2.51,3.83,2021年9月全国各地区原保险保费收入情况
北   京,1968.92,334.73,1156.44,52.22,425.53,2021年9月全国各地区原保险保费收入情况
天   津,532.31,117.26,306.13,14.27,94.64,2021年9月全国各地区原保险保费收入情况
河   北,1642.79,409.06,891.9,33.69,308.14,2021年9月全国各地区原保险保费收入情况
辽   宁,798.83,218.94,419.31,16.16,144.42,2021年9月全国各地区原保险保费收入情况
大   连,302.53,63.48,187.34,5.99,45.72,2021年9月全国各地区原保险保费收入情况
上   海,1540.0,400.78,824.38,60.4,254.44,2021年9月全国各地区原保险保费收入情况
江   苏,3337.14,748.5,2013.64,74.62,500.38,2021年9月全国各地区原保险保费收入情况
浙   江,2004.54,544.96,1091.45,49.52,318.61,2021年9月全国各地区原保险保费收入情况
宁   波,299.78,132.02,125.56,8.76,33.43,2021年9月全国各地区原保险保费收入情况
福   建,854.49,189.15,458.15,23.7,183.49,2021年9月全国各地区原保险保费收入情况
厦   门,196.09,52.63,101.87,5.49,36.09,2021年9月全国各地区原保险保费收入情况
山   东,2305.39,507.16,1237.84,54.31,506.07,2021年9月全国各地区原保险保费收入情况
青   岛,370.97,108.72,172.57,8.75,80.94,2021年9月全国各地区原保险保费收入情况
广   东,3337.71,743.61,1903.65,108.54,581.92,2021年9月全国各地区原保险保费收入情况
深   圳,1110.12,279.51,508.62,35.23,286.76,2021年9月全国各地区原保险保费收入情况
海   南,152.64,55.9,65.91,4.66,26.16,2021年9月全国各地区原保险保费收入情况
山   西,819.93,173.6,487.54,17.24,141.55,2021年9月全国各地区原保险保费收入情况
吉   林,570.86,135.46,300.13,12.6,122.67,2021年9月全国各地区原保险保费收入情况
黑龙江,824.26,163.65,460.96,13.56,186.09,2021年9月全国各地区原保险保费收入情况
安   徽,1124.57,329.7,554.56,29.67,210.64,2021年9月全国各地区原保险保费收入情况
江   西,753.88,197.52,383.71,19.98,152.67,2021年9月全国各地区原保险保费收入情况
河   南,1949.96,410.39,1083.33,40.36,415.88,2021年9月全国各地区原保险保费收入情况
湖   北,1555.49,291.97,918.57,34.62,310.33,2021年9月全国各地区原保险保费收入情况
湖   南,1241.76,291.54,638.21,32.48,279.53,2021年9月全国各地区原保险保费收入情况
重   庆,804.65,160.49,450.78,20.71,172.67,2021年9月全国各地区原保险保费收入情况
四   川,1822.74,414.98,1013.15,46.93,347.69,2021年9月全国各地区原保险保费收入情况
贵   州,402.36,162.5,152.82,16.1,70.95,2021年9月全国各地区原保险保费收入情况
云   南,557.54,195.14,213.84,22.12,126.44,2021年9月全国各地区原保险保费收入情况
西   藏,32.66,22.18,4.95,1.97,3.55,2021年9月全国各地区原保险保费收入情况
陕   西,854.63,191.32,505.56,19.04,138.71,2021年9月全国各地区原保险保费收入情况
甘   肃,401.97,102.39,213.69,11.43,74.46,2021年9月全国各地区原保险保费收入情况
青   海,86.85,33.48,36.27,2.72,14.39,2021年9月全国各地区原保险保费收入情况
宁   夏,174.28,50.54,86.97,5.65,31.12,2021年9月全国各地区原保险保费收入情况
新   疆,572.72,186.97,261.52,14.22,110.0,2021年9月全国各地区原保险保费收入情况
内蒙古,530.66,159.82,258.55,12.38,99.91,2021年9月全国各地区原保险保费收入情况
广   西,648.35,178.09,301.35,22.78,146.13,2021年9月全国各地区原保险保费收入情况
